Ltype,Speed,pollutantID_2,pollutantID_3,pollutantID_20,pollutantID_24,pollutantID_25,pollutantID_26,pollutantID_27,pollutantID_63,pollutantID_65,pollutantID_68,pollutantID_69,pollutantID_70,pollutantID_71,pollutantID_72,pollutantID_73,pollutantID_74,pollutantID_75,pollutantID_76,pollutantID_77,pollutantID_78,pollutantID_81,pollutantID_82,pollutantID_83,pollutantID_84,pollutantID_87,pollutantID_92,pollutantID_98,pollutantID_100,pollutantID_101,pollutantID_102,pollutantID_105,pollutantID_106,pollutantID_107,pollutantID_110,pollutantID_111,pollutantID_112,pollutantID_115,pollutantID_116,pollutantID_117,pollutantID_168,pollutantID_169,pollutantID_170,pollutantID_171,pollutantID_172,pollutantID_173,pollutantID_174,pollutantID_175,pollutantID_176,pollutantID_177,pollutantID_178,pollutantID_181,pollutantID_182,pollutantID_183,pollutantID_184
Fwy,3,20.62052509,8.497121328,0.078512068,0.008838922,0.062991381,0.032970207,0.004694063,2.28E-06,8.94E-07,1.30E-06,0.000179191,0,0,5.39E-05,8.82E-05,3.51E-05,1.28E-05,6.77E-06,4.57E-06,5.67E-05,8.34E-05,4.50E-06,0.000196005,0.000259109,2.834077492,0.0340953,2914.392501,0.363090428,0.209796063,0.152597616,0.000697192,0.307258839,0.115204488,0.350911327,0.202391669,0.147853826,0.000665749,0.080434204,0.02762695,0,0.000367132,0.000206969,0.000404613,0.000149325,2.66E-05,0,0,1.76E-05,0,1.42E-05,0.000378065,0,0.001184672,0.000455539
Fwy,4,15.30262725,6.275974904,0.056780443,0.006400139,0.044728592,0.023500633,0.003323193,2.28E-06,8.94E-07,9.14E-07,0.000126918,0,0,3.87E-05,6.22E-05,2.49E-05,9.27E-06,5.15E-06,3.46E-06,4.00E-05,5.93E-05,3.32E-06,0.000139498,0.000183537,2.020430389,0.025002,2113.50461,0.258018704,0.149214649,0.108304335,0.000499864,0.222567525,0.080643157,0.249276367,0.143873487,0.10492571,0.000477113,0.058263702,0.019338877,0,0.000258949,0.000146302,0.000287799,0.000105505,1.88E-05,0,0,1.25E-05,0,1.00E-05,0.00026715,0,0.000835767,0.000321312
Fwy,5,11.75736202,4.795210622,0.042292694,0.004774284,0.032553399,0.017187583,0.00240928,2.28E-06,8.94E-07,6.56E-07,9.21E-05,0,0,2.85E-05,4.48E-05,1.81E-05,6.89E-06,4.08E-06,2.71E-06,2.89E-05,4.32E-05,2.53E-06,0.000101827,0.000133156,1.477998987,0.0189398,1579.579349,0.187970887,0.10882704,0.078775481,0.000368312,0.166106649,0.05760227,0.181519727,0.104861365,0.076306966,0.000351355,0.043483368,0.013813495,0,0.000186826,0.000105858,0.000209923,7.63E-05,1.35E-05,0,0,9.01E-06,0,7.21E-06,0.000193206,0,0.000603163,0.000231826
Fwy,6,10.88003262,4.45408561,0.038667013,0.004368425,0.029547204,0.01562591,0.002184067,2.28E-06,8.94E-07,5.89E-07,8.29E-05,0,0,2.59E-05,4.02E-05,1.63E-05,6.25E-06,3.77E-06,2.51E-06,2.60E-05,3.90E-05,2.31E-06,9.19E-05,0.000119914,1.34289076,0.01745586,1454.191372,0.173783428,0.098221841,0.07522171,0.000339838,0.151491234,0.051842038,0.167812438,0.094621262,0.072866929,0.000324214,0.039657348,0.012432145,0,0.000169099,9.59E-05,0.00019069,6.91E-05,1.22E-05,0,0,8.16E-06,0,6.53E-06,0.000175011,0,0.000545975,0.000209831
Fwy,7,10.00270323,4.112960597,0.035041333,0.003962567,0.026541008,0.014064237,0.001958855,2.28E-06,8.94E-07,5.22E-07,7.38E-05,0,0,2.32E-05,3.57E-05,1.45E-05,5.62E-06,3.47E-06,2.30E-06,2.31E-05,3.47E-05,2.10E-06,8.20E-05,0.000106671,1.207782534,0.01597192,1328.803395,0.159595969,0.087616641,0.071667939,0.000311364,0.136875819,0.046081806,0.154105149,0.08438116,0.069426892,0.000297072,0.035831329,0.011050794,0,0.000151371,8.60E-05,0.000171456,6.19E-05,1.10E-05,0,0,7.31E-06,0,5.84E-06,0.000156815,0,0.000488787,0.000187836
Fwy,8,9.125373829,3.771835585,0.031415653,0.003556708,0.023534813,0.012502564,0.001733643,2.28E-06,8.94E-07,4.55E-07,6.46E-05,0,0,2.05E-05,3.12E-05,1.27E-05,4.99E-06,3.17E-06,2.09E-06,2.02E-05,3.05E-05,1.89E-06,7.21E-05,9.34E-05,1.072674308,0.01448798,1203.415418,0.14540851,0.077011441,0.068114168,0.000282891,0.122260404,0.040321574,0.14039786,0.074141057,0.065986855,0.000269931,0.03200531,0.009669444,0,0.000133644,7.60E-05,0.000152223,5.47E-05,9.68E-06,0,0,6.46E-06,0,5.16E-06,0.00013862,0,0.000431599,0.000165841
Fwy,9,8.248044432,3.430710572,0.027789973,0.00315085,0.020528617,0.010940891,0.001508431,2.28E-06,8.94E-07,3.87E-07,5.54E-05,0,0,1.78E-05,2.66E-05,1.09E-05,4.35E-06,2.87E-06,1.89E-06,1.73E-05,2.63E-05,1.67E-06,6.22E-05,8.02E-05,0.937566082,0.01300404,1078.027441,0.131221051,0.066406241,0.064560397,0.000254417,0.107644989,0.034561343,0.126690571,0.063900954,0.062546818,0.000242789,0.02817929,0.008288093,0,0.000115917,6.60E-05,0.00013299,4.75E-05,8.39E-06,0,0,5.62E-06,0,4.48E-06,0.000120424,0,0.00037441,0.000143846
Fwy,10,7.370715034,3.08958556,0.024164292,0.002744992,0.017522422,0.009379218,0.001283218,2.28E-06,8.94E-07,3.20E-07,4.63E-05,0,0,1.51E-05,2.21E-05,9.11E-06,3.72E-06,2.57E-06,1.68E-06,1.43E-05,2.20E-05,1.46E-06,5.22E-05,6.69E-05,0.802457856,0.0115201,952.6394635,0.117033592,0.055801041,0.061006626,0.000225943,0.093029574,0.028801111,0.112983282,0.053660851,0.059106781,0.000215648,0.024353271,0.006906743,0,9.82E-05,5.61E-05,0.000113757,4.04E-05,7.11E-06,0,0,4.77E-06,0,3.79E-06,0.000102229,0,0.000317222,0.00012185
Fwy,11,7.094399249,2.966423481,0.02294635,0.002609042,0.016534678,0.008864421,0.001209491,2.28E-06,8.94E-07,2.99E-07,4.32E-05,0,0,1.41E-05,2.06E-05,8.50E-06,3.48E-06,2.42E-06,1.58E-06,1.34E-05,2.06E-05,1.37E-06,4.88E-05,6.25E-05,0.757557436,0.011088228,917.1569241,0.114715065,0.052160697,0.062335232,0.000219158,0.088090713,0.026881037,0.110765632,0.05015661,0.060399815,0.000209225,0.023060382,0.006446293,0,9.24E-05,5.28E-05,0.000107436,3.80E-05,6.69E-06,0,0,4.49E-06,0,3.57E-06,9.63E-05,0,0.000298581,0.000114685
Fwy,12,6.818083463,2.843261402,0.021728408,0.002473093,0.015546934,0.008349624,0.001135763,2.28E-06,8.94E-07,2.77E-07,4.01E-05,0,0,1.31E-05,1.91E-05,7.90E-06,3.24E-06,2.27E-06,1.48E-06,1.24E-05,1.91E-05,1.28E-06,4.54E-05,5.80E-05,0.712657017,0.010656356,881.6743846,0.112396539,0.048520353,0.063663838,0.000212374,0.083151853,0.024960963,0.108547982,0.046652369,0.061692849,0.000202803,0.021767493,0.005985843,0,8.66E-05,4.96E-05,0.000101115,3.57E-05,6.27E-06,0,0,4.22E-06,0,3.35E-06,9.03E-05,0,0.000279939,0.000107519
Fwy,13,6.541767678,2.720099324,0.020510466,0.002337143,0.01455919,0.007834826,0.001062036,2.28E-06,8.94E-07,2.55E-07,3.70E-05,0,0,1.21E-05,1.76E-05,7.29E-06,3.00E-06,2.11E-06,1.38E-06,1.15E-05,1.77E-05,1.19E-06,4.20E-05,5.35E-05,0.667756598,0.010224484,846.1918452,0.110078012,0.044880009,0.064992444,0.000205589,0.078212993,0.023040889,0.106330332,0.043148128,0.062985883,0.000196381,0.020474604,0.005525393,0,8.09E-05,4.63E-05,9.48E-05,3.33E-05,5.85E-06,0,0,3.94E-06,0,3.12E-06,8.44E-05,0,0.000261298,0.000100353
Fwy,14,6.265451892,2.596937245,0.019292523,0.002201194,0.013571446,0.007320029,0.000988309,2.28E-06,8.94E-07,2.33E-07,3.39E-05,0,0,1.12E-05,1.61E-05,6.68E-06,2.76E-06,1.96E-06,1.28E-06,1.05E-05,1.62E-05,1.10E-06,3.85E-05,4.91E-05,0.622856178,0.009792613,810.7093058,0.107759485,0.041239665,0.06632105,0.000198804,0.073274133,0.021120814,0.104112682,0.039643887,0.064278917,0.000189958,0.019181714,0.005064943,0,7.51E-05,4.31E-05,8.85E-05,3.10E-05,5.43E-06,0,0,3.66E-06,0,2.90E-06,7.85E-05,0,0.000242657,9.32E-05
Fwy,15,5.989136107,2.473775166,0.018074581,0.002065245,0.012583702,0.006805232,0.000914581,2.28E-06,8.94E-07,2.12E-07,3.08E-05,0,0,1.02E-05,1.46E-05,6.08E-06,2.52E-06,1.81E-06,1.18E-06,9.53E-06,1.48E-05,1.01E-06,3.51E-05,4.46E-05,0.577955759,0.009360741,775.2267664,0.105440958,0.037599321,0.067649656,0.000192019,0.068335272,0.01920074,0.101895032,0.036139646,0.065571952,0.000183536,0.017888825,0.004604494,0,6.93E-05,3.98E-05,8.22E-05,2.86E-05,5.02E-06,0,0,3.39E-06,0,2.68E-06,7.25E-05,0,0.000224016,8.60E-05
Fwy,16,5.823499089,2.40705599,0.017285617,0.00197595,0.012020912,0.006503284,0.000873493,2.28E-06,8.94E-07,2.02E-07,2.95E-05,0,0,9.77E-06,1.39E-05,5.81E-06,2.42E-06,1.75E-06,1.14E-06,9.10E-06,1.41E-05,9.70E-07,3.36E-05,4.27E-05,0.551879955,0.009076272,752.3577735,0.103413939,0.036007235,0.067219456,0.000187261,0.064517947,0.018240704,0.099940693,0.034605489,0.065156258,0.000179017,0.016889521,0.004374269,0,6.62E-05,3.80E-05,7.85E-05,2.73E-05,4.79E-06,0,0,3.23E-06,0,2.56E-06,6.93E-05,0,0.000213897,8.21E-05
Fwy,17,5.657862072,2.340336815,0.016496653,0.001886655,0.011458121,0.006201336,0.000832405,2.28E-06,8.94E-07,1.92E-07,2.81E-05,0,0,9.35E-06,1.33E-05,5.54E-06,2.32E-06,1.69E-06,1.10E-06,8.67E-06,1.35E-05,9.33E-07,3.21E-05,4.07E-05,0.525804151,0.008791804,729.4887806,0.101386919,0.034415148,0.066789256,0.000182504,0.060700622,0.017280669,0.097986353,0.033071333,0.064740564,0.000174497,0.015890217,0.004144045,0,6.31E-05,3.63E-05,7.48E-05,2.60E-05,4.56E-06,0,0,3.08E-06,0,2.44E-06,6.60E-05,0,0.000203779,7.83E-05
Fwy,18,5.492225054,2.273617639,0.015707689,0.00179736,0.010895331,0.005899388,0.000791317,2.28E-06,8.94E-07,1.83E-07,2.68E-05,0,0,8.93E-06,1.26E-05,5.28E-06,2.22E-06,1.63E-06,1.06E-06,8.25E-06,1.28E-05,8.96E-07,3.06E-05,3.87E-05,0.499728348,0.008507336,706.6197876,0.0993599,0.032823061,0.066359055,0.000177746,0.056883297,0.016320633,0.096032013,0.031537176,0.064324871,0.000169978,0.014890913,0.003913821,0,5.99E-05,3.45E-05,7.12E-05,2.48E-05,4.34E-06,0,0,2.93E-06,0,2.31E-06,6.27E-05,0,0.00019366,7.44E-05
Fwy,19,5.326588037,2.206898463,0.014918724,0.001708065,0.01033254,0.005597439,0.000750229,2.28E-06,8.94E-07,1.73E-07,2.54E-05,0,0,8.52E-06,1.20E-05,5.01E-06,2.12E-06,1.57E-06,1.02E-06,7.82E-06,1.22E-05,8.59E-07,2.91E-05,3.68E-05,0.473652544,0.008222868,683.7507947,0.097332881,0.031230975,0.065928855,0.000172988,0.053065972,0.015360597,0.094077673,0.03000302,0.063909177,0.000165459,0.013891609,0.003683596,0,5.68E-05,3.27E-05,6.75E-05,2.35E-05,4.11E-06,0,0,2.78E-06,0,2.19E-06,5.95E-05,0,0.000183542,7.05E-05
Fwy,20,5.160951019,2.140179287,0.01412976,0.00161877,0.009769749,0.005295491,0.000709141,2.28E-06,8.94E-07,1.63E-07,2.41E-05,0,0,8.10E-06,1.13E-05,4.75E-06,2.02E-06,1.51E-06,9.82E-07,7.39E-06,1.16E-05,8.22E-07,2.76E-05,3.48E-05,0.44757674,0.0079384,660.8818017,0.095305861,0.029638888,0.065498655,0.00016823,0.049248647,0.014400561,0.092123333,0.028468863,0.063493483,0.000160939,0.012892305,0.003453372,0,5.37E-05,3.09E-05,6.39E-05,2.22E-05,3.88E-06,0,0,2.62E-06,0,2.07E-06,5.62E-05,0,0.000173423,6.66E-05
Fwy,21,5.075014071,2.112879457,0.013715394,0.001572391,0.009466049,0.005133747,0.000686792,2.28E-06,8.94E-07,1.57E-07,2.33E-05,0,0,7.91E-06,1.09E-05,4.60E-06,1.98E-06,1.52E-06,9.83E-07,7.13E-06,1.12E-05,8.15E-07,2.69E-05,3.37E-05,0.433232409,0.007789418,648.3691277,0.094235638,0.028787816,0.065282207,0.000165552,0.047038328,0.01382454,0.091082217,0.027640646,0.06328314,0.000158391,0.01231369,0.003315237,0,5.19E-05,2.99E-05,6.19E-05,2.15E-05,3.76E-06,0,0,2.54E-06,0,2.01E-06,5.44E-05,0,0.000167866,6.45E-05
Fwy,22,4.989077123,2.085579626,0.013301028,0.001526011,0.009162349,0.004972002,0.000664444,2.28E-06,8.94E-07,1.51E-07,2.25E-05,0,0,7.72E-06,1.05E-05,4.44E-06,1.94E-06,1.52E-06,9.84E-07,6.88E-06,1.09E-05,8.08E-07,2.61E-05,3.26E-05,0.418888078,0.007640436,635.8564537,0.093165414,0.027936744,0.06506576,0.000162874,0.044828008,0.013248518,0.090041101,0.026812428,0.063072797,0.000155843,0.011735075,0.003177102,0,5.02E-05,2.89E-05,6.00E-05,2.08E-05,3.63E-06,0,0,2.46E-06,0,1.94E-06,5.26E-05,0,0.000162308,6.23E-05
Fwy,23,4.903140175,2.058279795,0.012886661,0.001479631,0.008858649,0.004810258,0.000642095,2.28E-06,8.94E-07,1.45E-07,2.17E-05,0,0,7.54E-06,1.01E-05,4.29E-06,1.90E-06,1.53E-06,9.85E-07,6.62E-06,1.05E-05,8.00E-07,2.53E-05,3.14E-05,0.404543747,0.007491454,623.3437797,0.09209519,0.027085672,0.064849313,0.000160196,0.042617689,0.012672497,0.088999985,0.025984211,0.062862453,0.000153295,0.01115646,0.003038967,0,4.85E-05,2.79E-05,5.80E-05,2.01E-05,3.51E-06,0,0,2.37E-06,0,1.87E-06,5.08E-05,0,0.00015675,6.02E-05
Fwy,24,4.817203227,2.030979964,0.012472295,0.001433252,0.008554949,0.004648513,0.000619746,2.28E-06,8.94E-07,1.38E-07,2.09E-05,0,0,7.35E-06,9.65E-06,4.14E-06,1.86E-06,1.53E-06,9.86E-07,6.36E-06,1.02E-05,7.93E-07,2.45E-05,3.03E-05,0.390199416,0.007342472,610.8311057,0.091024966,0.0262346,0.064632866,0.000157518,0.040407369,0.012096476,0.087958869,0.025155994,0.06265211,0.000150746,0.010577845,0.002900831,0,4.68E-05,2.70E-05,5.60E-05,1.94E-05,3.38E-06,0,0,2.29E-06,0,1.81E-06,4.91E-05,0,0.000151193,5.81E-05
Fwy,25,4.731266279,2.003680134,0.012057929,0.001386872,0.008251248,0.004486769,0.000597397,2.28E-06,8.94E-07,1.32E-07,2.02E-05,0,0,7.16E-06,9.24E-06,3.99E-06,1.82E-06,1.54E-06,9.87E-07,6.10E-06,9.86E-06,7.86E-07,2.37E-05,2.92E-05,0.375855084,0.00719349,598.3184317,0.089954743,0.025383528,0.064416419,0.00015484,0.03819705,0.011520455,0.086917752,0.024327776,0.062441766,0.000148198,0.009999231,0.002762696,0,4.51E-05,2.60E-05,5.40E-05,1.87E-05,3.26E-06,0,0,2.21E-06,0,1.74E-06,4.73E-05,0,0.000145635,5.59E-05
Fwy,26,4.71017548,1.996336024,0.011814778,0.001359777,0.008056689,0.00438516,0.000582913,2.28E-06,8.94E-07,1.27E-07,1.97E-05,0,0,7.10E-06,8.93E-06,3.90E-06,1.82E-06,1.58E-06,1.01E-06,5.92E-06,9.66E-06,7.95E-07,2.33E-05,2.84E-05,0.366931026,0.007120322,591.9449232,0.089658657,0.024900613,0.064604327,0.000153745,0.03645493,0.011136439,0.086618925,0.023849237,0.062622507,0.000147165,0.009543177,0.002670607,0,4.39E-05,2.53E-05,5.28E-05,1.82E-05,3.18E-06,0,0,2.15E-06,0,1.70E-06,4.61E-05,0,0.000141983,5.45E-05
Fwy,27,4.689084681,1.988991915,0.011571628,0.001332682,0.007862129,0.004283551,0.000568428,2.28E-06,8.94E-07,1.22E-07,1.91E-05,0,0,7.03E-06,8.63E-06,3.80E-06,1.81E-06,1.62E-06,1.04E-06,5.73E-06,9.46E-06,8.04E-07,2.28E-05,2.77E-05,0.358006968,0.007047154,585.5714147,0.089362571,0.024417698,0.064792236,0.000152649,0.03471281,0.010752422,0.086320097,0.023370697,0.062803248,0.000146132,0.009087123,0.002578518,0,4.28E-05,2.47E-05,5.16E-05,1.77E-05,3.10E-06,0,0,2.10E-06,0,1.65E-06,4.49E-05,0,0.000138332,5.31E-05
Fwy,28,4.667993883,1.981647806,0.011328477,0.001305587,0.00766757,0.004181942,0.000553944,2.28E-06,8.94E-07,1.17E-07,1.86E-05,0,0,6.96E-06,8.33E-06,3.70E-06,1.80E-06,1.66E-06,1.06E-06,5.55E-06,9.26E-06,8.14E-07,2.24E-05,2.70E-05,0.34908291,0.006973986,579.1979062,0.089066485,0.023934783,0.064980144,0.000151554,0.032970691,0.010368406,0.08602127,0.022892157,0.062983989,0.000145099,0.008631069,0.002486428,0,4.17E-05,2.41E-05,5.03E-05,1.73E-05,3.01E-06,0,0,2.04E-06,0,1.61E-06,4.38E-05,0,0.00013468,5.17E-05
Fwy,29,4.646903084,1.974303697,0.011085326,0.001278492,0.00747301,0.004080332,0.00053946,2.28E-06,8.94E-07,1.13E-07,1.81E-05,0,0,6.89E-06,8.03E-06,3.61E-06,1.80E-06,1.70E-06,1.08E-06,5.37E-06,9.06E-06,8.23E-07,2.20E-05,2.63E-05,0.340158852,0.006900818,572.8243977,0.088770399,0.023451869,0.065168053,0.000150459,0.031228571,0.009984389,0.085722443,0.022413618,0.063164729,0.000144066,0.008175016,0.002394339,0,4.05E-05,2.34E-05,4.91E-05,1.68E-05,2.93E-06,0,0,1.99E-06,0,1.57E-06,4.26E-05,0,0.000131029,5.03E-05
Fwy,30,4.625812285,1.966959588,0.010842176,0.001251397,0.007278451,0.003978723,0.000524976,2.28E-06,8.94E-07,1.08E-07,1.76E-05,0,0,6.83E-06,7.72E-06,3.51E-06,1.79E-06,1.75E-06,1.11E-06,5.19E-06,8.86E-06,8.32E-07,2.15E-05,2.55E-05,0.331234794,0.00682765,566.4508892,0.088474313,0.022968954,0.065355961,0.000149363,0.029486451,0.009600373,0.085423615,0.021935078,0.06334547,0.000143033,0.007718962,0.002302249,0,3.94E-05,2.28E-05,4.78E-05,1.64E-05,2.85E-06,0,0,1.94E-06,0,1.52E-06,4.14E-05,0,0.000127377,4.89E-05
Fwy,31,4.674970391,1.943994366,0.01068655,0.001234301,0.007154754,0.003914147,0.000515733,2.28E-06,8.94E-07,1.05E-07,1.76E-05,0,0,6.97E-06,7.60E-06,3.51E-06,1.84E-06,1.86E-06,1.18E-06,5.13E-06,8.91E-06,8.72E-07,2.17E-05,2.55E-05,0.325275611,0.006755096,559.5607399,0.085604347,0.023084436,0.062373573,0.000146311,0.028115516,0.009326077,0.082611652,0.022022628,0.060448929,0.00014007,0.007360079,0.002236471,0,3.87E-05,2.24E-05,4.70E-05,1.61E-05,2.80E-06,0,0,1.90E-06,0,1.49E-06,4.07E-05,0,0.000125038,4.80E-05
Fwy,32,4.724128497,1.921029144,0.010530925,0.001217205,0.007031058,0.00384957,0.000506491,2.28E-06,8.94E-07,1.03E-07,1.75E-05,0,0,7.12E-06,7.48E-06,3.51E-06,1.89E-06,1.97E-06,1.24E-06,5.08E-06,8.95E-06,9.12E-07,2.18E-05,2.54E-05,0.319316427,0.006682542,552.6705907,0.082734382,0.023199919,0.059391185,0.000143258,0.026744581,0.009051781,0.079799688,0.022110178,0.057552388,0.000137107,0.007001197,0.002170692,0,3.79E-05,2.20E-05,4.62E-05,1.58E-05,2.75E-06,0,0,1.87E-06,0,1.47E-06,4.00E-05,0,0.0001227,4.71E-05
Fwy,33,4.773286604,1.898063922,0.0103753,0.001200109,0.006907361,0.003784994,0.000497248,2.28E-06,8.94E-07,1.00E-07,1.75E-05,0,0,7.26E-06,7.36E-06,3.51E-06,1.95E-06,2.08E-06,1.31E-06,5.02E-06,9.00E-06,9.51E-07,2.20E-05,2.53E-05,0.313357243,0.006609988,545.7804415,0.079864416,0.023315401,0.056408797,0.000140206,0.025373645,0.008777485,0.076987724,0.022197727,0.054655846,0.000134145,0.006642315,0.002104913,0,3.72E-05,2.16E-05,4.54E-05,1.55E-05,2.69E-06,0,0,1.83E-06,0,1.44E-06,3.92E-05,0,0.000120361,4.62E-05
Fwy,34,4.82244471,1.8750987,0.010219674,0.001183013,0.006783665,0.003720418,0.000488006,2.28E-06,8.94E-07,9.78E-08,1.74E-05,0,0,7.41E-06,7.24E-06,3.50E-06,2.00E-06,2.19E-06,1.38E-06,4.97E-06,9.04E-06,9.91E-07,2.21E-05,2.53E-05,0.307398059,0.006537434,538.8902922,0.076994451,0.023430884,0.053426409,0.000137153,0.02400271,0.008503189,0.07417576,0.022285277,0.051759305,0.000131182,0.006283432,0.002039134,0,3.65E-05,2.12E-05,4.46E-05,1.52E-05,2.64E-06,0,0,1.80E-06,0,1.41E-06,3.85E-05,0,0.000118022,4.53E-05
Fwy,35,4.871602816,1.852133478,0.010064049,0.001165917,0.006659968,0.003655841,0.000478763,2.28E-06,8.94E-07,9.54E-08,1.74E-05,0,0,7.55E-06,7.12E-06,3.50E-06,2.05E-06,2.30E-06,1.45E-06,4.91E-06,9.09E-06,1.03E-06,2.23E-05,2.52E-05,0.301438875,0.00646488,532.000143,0.074124485,0.023546366,0.050444021,0.000134101,0.022631775,0.008228893,0.071363797,0.022372827,0.048862764,0.000128219,0.00592455,0.001973355,0,3.58E-05,2.08E-05,4.38E-05,1.49E-05,2.59E-06,0,0,1.76E-06,0,1.38E-06,3.77E-05,0,0.000115683,4.44E-05
Fwy,36,4.91509172,1.852001329,0.009946682,0.001152996,0.006565374,0.003606664,0.00047172,2.28E-06,8.94E-07,9.28E-08,1.73E-05,0,0,7.64E-06,6.99E-06,3.48E-06,2.09E-06,2.39E-06,1.50E-06,4.85E-06,9.09E-06,1.06E-06,2.23E-05,2.51E-05,0.296998545,0.006445252,530.1193588,0.073958928,0.023562224,0.050263065,0.000133637,0.02153566,0.008023171,0.071181689,0.022369441,0.048684483,0.000127774,0.005637608,0.001924022,0,3.52E-05,2.04E-05,4.32E-05,1.47E-05,2.55E-06,0,0,1.74E-06,0,1.36E-06,3.72E-05,0,0.000113908,4.37E-05
Fwy,37,4.958580624,1.851869179,0.009829315,0.001140076,0.006470779,0.003557488,0.000464677,2.28E-06,8.94E-07,9.03E-08,1.72E-05,0,0,7.73E-06,6.85E-06,3.47E-06,2.12E-06,2.47E-06,1.55E-06,4.78E-06,9.08E-06,1.09E-06,2.23E-05,2.49E-05,0.292558214,0.006425624,528.2385745,0.073793371,0.023578081,0.050082108,0.000133173,0.020439546,0.007817448,0.070999581,0.022366055,0.048506202,0.00012733,0.005350665,0.001874688,0,3.47E-05,2.01E-05,4.26E-05,1.44E-05,2.51E-06,0,0,1.71E-06,0,1.34E-06,3.66E-05,0,0.000112132,4.30E-05
Fwy,38,5.002069528,1.85173703,0.009711947,0.001127156,0.006376185,0.003508311,0.000457635,2.28E-06,8.94E-07,8.77E-08,1.70E-05,0,0,7.82E-06,6.71E-06,3.45E-06,2.16E-06,2.56E-06,1.60E-06,4.71E-06,9.08E-06,1.12E-06,2.24E-05,2.47E-05,0.288117883,0.006405996,526.3577903,0.073627814,0.023593939,0.049901152,0.000132709,0.019343431,0.007611726,0.070817473,0.022362669,0.048327921,0.000126885,0.005063723,0.001825354,0,3.41E-05,1.98E-05,4.20E-05,1.42E-05,2.47E-06,0,0,1.68E-06,0,1.32E-06,3.60E-05,0,0.000110356,4.24E-05
Fwy,39,5.045558432,1.85160488,0.00959458,0.001114235,0.006281591,0.003459134,0.000450592,2.28E-06,8.94E-07,8.52E-08,1.69E-05,0,0,7.91E-06,6.58E-06,3.43E-06,2.19E-06,2.64E-06,1.65E-06,4.64E-06,9.08E-06,1.15E-06,2.24E-05,2.46E-05,0.283677553,0.006386368,524.4770061,0.073462257,0.023609796,0.049720195,0.000132244,0.018247316,0.007406003,0.070635366,0.022359284,0.048149641,0.00012644,0.004776781,0.00177602,0,3.36E-05,1.95E-05,4.14E-05,1.40E-05,2.43E-06,0,0,1.66E-06,0,1.30E-06,3.55E-05,0,0.00010858,4.17E-05
Fwy,40,5.089047336,1.85147273,0.009477213,0.001101315,0.006186996,0.003409958,0.000443549,2.28E-06,8.94E-07,8.27E-08,1.68E-05,0,0,8.00E-06,6.44E-06,3.41E-06,2.23E-06,2.73E-06,1.70E-06,4.57E-06,9.08E-06,1.18E-06,2.25E-05,2.44E-05,0.279237222,0.00636674,522.5962218,0.0732967,0.023625654,0.049539238,0.00013178,0.017151201,0.00720028,0.070453258,0.022355898,0.04797136,0.000125995,0.004489839,0.001726686,0,3.30E-05,1.92E-05,4.08E-05,1.38E-05,2.39E-06,0,0,1.63E-06,0,1.28E-06,3.49E-05,0,0.000106804,4.10E-05
Fwy,41,5.113540352,1.850437892,0.009379869,0.001090592,0.006112732,0.003370933,0.000438065,2.28E-06,8.94E-07,8.07E-08,1.67E-05,0,0,8.05E-06,6.33E-06,3.39E-06,2.25E-06,2.78E-06,1.74E-06,4.51E-06,9.06E-06,1.20E-06,2.24E-05,2.42E-05,0.275678567,0.006348791,520.9183389,0.07309416,0.023585592,0.049377151,0.000131386,0.016302721,0.007040274,0.070243085,0.02230506,0.047812411,0.000125618,0.004267723,0.001688315,0,3.26E-05,1.90E-05,4.04E-05,1.36E-05,2.36E-06,0,0,1.61E-06,0,1.26E-06,3.45E-05,0,0.000105435,4.05E-05
Fwy,42,5.138033368,1.849403054,0.009282525,0.00107987,0.006038469,0.003331908,0.000432582,2.28E-06,8.94E-07,7.87E-08,1.66E-05,0,0,8.09E-06,6.23E-06,3.37E-06,2.27E-06,2.84E-06,1.77E-06,4.45E-06,9.04E-06,1.21E-06,2.24E-05,2.40E-05,0.272119912,0.006330842,519.2404559,0.072891621,0.023545529,0.049215063,0.000130992,0.015454241,0.006880268,0.070032911,0.022254223,0.047653463,0.000125241,0.004045608,0.001649944,0,3.22E-05,1.87E-05,3.99E-05,1.34E-05,2.33E-06,0,0,1.59E-06,0,1.24E-06,3.40E-05,0,0.000104066,3.99E-05
Fwy,43,5.162526384,1.848368215,0.009185181,0.001069148,0.005964205,0.003292883,0.000427098,2.28E-06,8.94E-07,7.68E-08,1.65E-05,0,0,8.14E-06,6.12E-06,3.35E-06,2.29E-06,2.89E-06,1.80E-06,4.39E-06,9.01E-06,1.23E-06,2.24E-05,2.39E-05,0.268561257,0.006312893,517.562573,0.072689081,0.023505467,0.049052976,0.000130598,0.014605761,0.006720262,0.069822738,0.022203385,0.047494515,0.000124864,0.003823492,0.001611573,0,3.18E-05,1.85E-05,3.94E-05,1.32E-05,2.30E-06,0,0,1.57E-06,0,1.23E-06,3.36E-05,0,0.000102697,3.94E-05
Fwy,44,5.1870194,1.847333377,0.009087837,0.001058425,0.005889942,0.003253859,0.000421615,2.28E-06,8.94E-07,7.48E-08,1.63E-05,0,0,8.18E-06,6.01E-06,3.33E-06,2.31E-06,2.94E-06,1.83E-06,4.34E-06,8.99E-06,1.25E-06,2.24E-05,2.37E-05,0.265002602,0.006294945,515.88469,0.072486542,0.023465405,0.048890888,0.000130204,0.01375728,0.006560256,0.069612565,0.022152548,0.047335566,0.000124488,0.003601377,0.001573202,0,3.13E-05,1.82E-05,3.89E-05,1.31E-05,2.27E-06,0,0,1.55E-06,0,1.21E-06,3.31E-05,0,0.000101328,3.89E-05
Fwy,45,5.211512416,1.846298539,0.008990493,0.001047703,0.005815678,0.003214834,0.000416131,2.28E-06,8.94E-07,7.29E-08,1.62E-05,0,0,8.23E-06,5.90E-06,3.31E-06,2.33E-06,3.00E-06,1.87E-06,4.28E-06,8.97E-06,1.27E-06,2.23E-05,2.35E-05,0.261443947,0.006276996,514.2068071,0.072284002,0.023425342,0.048728801,0.00012981,0.0129088,0.006400249,0.069402391,0.022101711,0.047176618,0.000124111,0.003379261,0.001534831,0,3.09E-05,1.80E-05,3.85E-05,1.29E-05,2.24E-06,0,0,1.53E-06,0,1.19E-06,3.27E-05,0,1.00E-04,3.84E-05
Fwy,46,5.197239583,1.840058673,0.008888683,0.001036343,0.005748526,0.003178334,0.000411302,2.28E-06,8.94E-07,7.10E-08,1.60E-05,0,0,8.17E-06,5.77E-06,3.27E-06,2.31E-06,3.00E-06,1.87E-06,4.20E-06,8.87E-06,1.27E-06,2.21E-05,2.32E-05,0.258111368,0.006243661,511.0900933,0.071167384,0.023166531,0.047871909,0.000128902,0.012200817,0.006272245,0.068318389,0.021849845,0.04634535,0.000123238,0.003193926,0.001504135,0,3.05E-05,1.78E-05,3.80E-05,1.28E-05,2.21E-06,0,0,1.51E-06,0,1.18E-06,3.23E-05,0,9.88E-05,3.79E-05
Fwy,47,5.182966751,1.833818807,0.008786873,0.001024983,0.005681374,0.003141835,0.000406472,2.28E-06,8.94E-07,6.91E-08,1.58E-05,0,0,8.12E-06,5.65E-06,3.22E-06,2.30E-06,3.00E-06,1.87E-06,4.12E-06,8.77E-06,1.26E-06,2.19E-05,2.29E-05,0.25477879,0.006210325,507.9733796,0.070050766,0.02290772,0.047015018,0.000127994,0.011492834,0.00614424,0.067234386,0.021597979,0.045514083,0.000122365,0.003008591,0.001473439,0,3.02E-05,1.76E-05,3.76E-05,1.26E-05,2.18E-06,0,0,1.49E-06,0,1.17E-06,3.19E-05,0,9.76E-05,3.75E-05
Fwy,48,5.168693918,1.827578941,0.008685063,0.001013623,0.005614222,0.003105335,0.000401642,2.28E-06,8.94E-07,6.72E-08,1.55E-05,0,0,8.06E-06,5.53E-06,3.18E-06,2.29E-06,3.00E-06,1.87E-06,4.05E-06,8.67E-06,1.26E-06,2.16E-05,2.25E-05,0.251446211,0.00617699,504.8566659,0.068934148,0.022648908,0.046158127,0.000127086,0.010784851,0.006016236,0.066150384,0.021346113,0.044682815,0.000121492,0.002823256,0.001442743,0,2.98E-05,1.74E-05,3.72E-05,1.25E-05,2.16E-06,0,0,1.48E-06,0,1.15E-06,3.16E-05,0,9.65E-05,3.70E-05
Fwy,49,5.154421086,1.821339075,0.008583252,0.001002263,0.005547071,0.003068836,0.000396813,2.28E-06,8.94E-07,6.54E-08,1.53E-05,0,0,8.01E-06,5.41E-06,3.14E-06,2.28E-06,3.00E-06,1.87E-06,3.97E-06,8.57E-06,1.26E-06,2.14E-05,2.22E-05,0.248113633,0.006143655,501.7399522,0.067817529,0.022390097,0.045301235,0.000126178,0.010076868,0.005888231,0.065066381,0.021094248,0.043851548,0.000120619,0.002637921,0.001412046,0,2.95E-05,1.72E-05,3.67E-05,1.23E-05,2.13E-06,0,0,1.46E-06,0,1.14E-06,3.12E-05,0,9.53E-05,3.66E-05
Fwy,50,5.140148253,1.815099209,0.008481442,0.000990903,0.005479919,0.003032336,0.000391983,2.28E-06,8.94E-07,6.35E-08,1.51E-05,0,0,7.95E-06,5.29E-06,3.09E-06,2.27E-06,3.01E-06,1.87E-06,3.89E-06,8.46E-06,1.26E-06,2.12E-05,2.19E-05,0.244781054,0.00611032,498.6232385,0.066700911,0.022131286,0.044444344,0.00012527,0.009368885,0.005760227,0.063982379,0.020842382,0.04302028,0.000119746,0.002452586,0.00138135,0,2.91E-05,1.70E-05,3.63E-05,1.22E-05,2.11E-06,0,0,1.44E-06,0,1.13E-06,3.08E-05,0,9.41E-05,3.61E-05
Fwy,51,5.105960052,1.807695969,0.0083827,0.000979799,0.005420374,0.00299922,0.000387784,2.28E-06,8.94E-07,6.18E-08,1.47E-05,0,0,7.81E-06,5.16E-06,3.03E-06,2.23E-06,2.96E-06,1.84E-06,3.81E-06,8.29E-06,1.24E-06,2.07E-05,2.14E-05,0.241755614,0.006076196,495.398725,0.065135974,0.021688129,0.043323575,0.000124257,0.008776573,0.005655495,0.062475298,0.020421976,0.041934573,0.00011877,0.002297531,0.001356234,0,2.88E-05,1.68E-05,3.59E-05,1.20E-05,2.08E-06,0,0,1.43E-06,0,1.11E-06,3.05E-05,0,9.31E-05,3.58E-05
Fwy,52,5.071771851,1.800292728,0.008283957,0.000968696,0.00536083,0.002966104,0.000383585,2.28E-06,8.94E-07,6.01E-08,1.44E-05,0,0,7.66E-06,5.03E-06,2.96E-06,2.19E-06,2.91E-06,1.81E-06,3.72E-06,8.12E-06,1.22E-06,2.03E-05,2.09E-05,0.238730174,0.006042072,492.1742115,0.063571036,0.021244972,0.042202806,0.000123243,0.008184261,0.005550763,0.060968218,0.02000157,0.040848866,0.000117794,0.002142476,0.001331118,0,2.85E-05,1.66E-05,3.55E-05,1.19E-05,2.06E-06,0,0,1.41E-06,0,1.10E-06,3.02E-05,0,9.21E-05,3.54E-05
Fwy,53,5.03758365,1.792889488,0.008185215,0.000957592,0.005301285,0.002932988,0.000379386,2.28E-06,8.94E-07,5.84E-08,1.41E-05,0,0,7.52E-06,4.90E-06,2.90E-06,2.15E-06,2.87E-06,1.78E-06,3.63E-06,7.95E-06,1.20E-06,1.99E-05,2.05E-05,0.235704734,0.006007948,488.949698,0.062006098,0.020801815,0.041082037,0.00012223,0.007591949,0.005446031,0.059461137,0.019581164,0.039763158,0.000116818,0.001987421,0.001306002,0,2.82E-05,1.64E-05,3.51E-05,1.18E-05,2.04E-06,0,0,1.39E-06,0,1.09E-06,2.98E-05,0,9.11E-05,3.50E-05
Fwy,54,5.003395449,1.785486247,0.008086472,0.000946489,0.005241741,0.002899872,0.000375187,2.28E-06,8.94E-07,5.67E-08,1.38E-05,0,0,7.37E-06,4.77E-06,2.83E-06,2.11E-06,2.82E-06,1.75E-06,3.54E-06,7.78E-06,1.18E-06,1.95E-05,2.00E-05,0.232679294,0.005973824,485.7251845,0.060441161,0.020358658,0.039961268,0.000121216,0.006999637,0.0053413,0.057954057,0.019160759,0.038677451,0.000115842,0.001832366,0.001280886,0,2.79E-05,1.62E-05,3.47E-05,1.16E-05,2.02E-06,0,0,1.38E-06,0,1.08E-06,2.95E-05,0,9.02E-05,3.46E-05
Fwy,55,4.969207248,1.778083007,0.00798773,0.000935386,0.005182196,0.002866756,0.000370988,2.28E-06,8.94E-07,5.50E-08,1.35E-05,0,0,7.23E-06,4.65E-06,2.77E-06,2.07E-06,2.77E-06,1.72E-06,3.45E-06,7.61E-06,1.16E-06,1.91E-05,1.95E-05,0.229653853,0.0059397,482.500671,0.058876223,0.019915501,0.038840499,0.000120203,0.006407325,0.005236568,0.056446976,0.018740353,0.037591744,0.000114866,0.00167731,0.00125577,0,2.76E-05,1.61E-05,3.43E-05,1.15E-05,1.99E-06,0,0,1.36E-06,0,1.07E-06,2.92E-05,0,8.92E-05,3.42E-05
Fwy,56,4.944722305,1.775730582,0.007911781,0.000926751,0.005129914,0.002838477,0.000367209,2.28E-06,8.94E-07,5.36E-08,1.32E-05,0,0,7.12E-06,4.54E-06,2.72E-06,2.04E-06,2.74E-06,1.70E-06,3.38E-06,7.48E-06,1.14E-06,1.87E-05,1.92E-05,0.227216188,0.005921026,480.7956205,0.05808604,0.019575247,0.038390977,0.000119799,0.005997123,0.005149292,0.055687837,0.018416713,0.037156636,0.000114481,0.001569928,0.001234841,0,2.73E-05,1.59E-05,3.40E-05,1.14E-05,1.97E-06,0,0,1.35E-06,0,1.06E-06,2.89E-05,0,8.82E-05,3.39E-05
Fwy,57,4.920237363,1.773378156,0.007835833,0.000918117,0.005077631,0.002810197,0.000363431,2.28E-06,8.94E-07,5.22E-08,1.29E-05,0,0,7.01E-06,4.43E-06,2.66E-06,2.01E-06,2.71E-06,1.68E-06,3.30E-06,7.35E-06,1.13E-06,1.84E-05,1.88E-05,0.224778523,0.005902352,479.0905701,0.057295857,0.019234993,0.037941456,0.000119396,0.005586921,0.005062016,0.054928698,0.018093074,0.036721528,0.000114095,0.001462546,0.001213911,0,2.70E-05,1.57E-05,3.37E-05,1.13E-05,1.95E-06,0,0,1.34E-06,0,1.04E-06,2.86E-05,0,8.73E-05,3.35E-05
Fwy,58,4.89575242,1.771025731,0.007759885,0.000909483,0.005025349,0.002781918,0.000359652,2.28E-06,8.94E-07,5.07E-08,1.27E-05,0,0,6.91E-06,4.32E-06,2.61E-06,1.98E-06,2.68E-06,1.66E-06,3.23E-06,7.22E-06,1.11E-06,1.81E-05,1.84E-05,0.222340858,0.005883678,477.3855197,0.056505675,0.018894739,0.037491934,0.000118992,0.005176719,0.004974741,0.054169559,0.017769435,0.03628642,0.00011371,0.001355164,0.001192982,0,2.67E-05,1.56E-05,3.33E-05,1.12E-05,1.93E-06,0,0,1.32E-06,0,1.03E-06,2.83E-05,0,8.64E-05,3.32E-05
Fwy,59,4.871267478,1.768673306,0.007683937,0.000900848,0.004973066,0.002753639,0.000355874,2.28E-06,8.94E-07,4.93E-08,1.24E-05,0,0,6.80E-06,4.22E-06,2.56E-06,1.95E-06,2.65E-06,1.64E-06,3.16E-06,7.08E-06,1.10E-06,1.78E-05,1.81E-05,0.219903193,0.005865004,475.6804692,0.055715492,0.018554484,0.037042413,0.000118589,0.004766517,0.004887465,0.05341042,0.017445796,0.035851311,0.000113324,0.001247782,0.001172053,0,2.64E-05,1.54E-05,3.30E-05,1.10E-05,1.91E-06,0,0,1.31E-06,0,1.02E-06,2.80E-05,0,8.55E-05,3.28E-05
Fwy,60,4.846782535,1.766320881,0.007607988,0.000892214,0.004920784,0.00272536,0.000352095,2.28E-06,8.94E-07,4.78E-08,1.22E-05,0,0,6.69E-06,4.11E-06,2.51E-06,1.92E-06,2.61E-06,1.62E-06,3.08E-06,6.95E-06,1.08E-06,1.75E-05,1.77E-05,0.217465528,0.00584633,473.9754188,0.054925309,0.01821423,0.036592891,0.000118185,0.004356315,0.004800189,0.052651281,0.017122156,0.035416203,0.000112938,0.0011404,0.001151123,0,2.62E-05,1.52E-05,3.26E-05,1.09E-05,1.89E-06,0,0,1.29E-06,0,1.01E-06,2.77E-05,0,8.46E-05,3.25E-05
Fwy,61,4.854681206,1.780832695,0.007582465,0.000889243,0.004882729,0.002707168,0.000349082,2.28E-06,8.94E-07,4.65E-08,1.20E-05,0,0,6.62E-06,4.02E-06,2.47E-06,1.91E-06,2.60E-06,1.61E-06,3.02E-06,6.86E-06,1.08E-06,1.72E-05,1.74E-05,0.216130597,0.005876738,476.0379157,0.055084802,0.017973923,0.036991833,0.000119046,0.004093744,0.00472634,0.052808707,0.016891399,0.035803559,0.000113772,0.001071663,0.001133414,0,2.59E-05,1.51E-05,3.24E-05,1.08E-05,1.87E-06,0,0,1.28E-06,0,1.00E-06,2.74E-05,0,8.38E-05,3.22E-05
Fwy,62,4.862579877,1.795344509,0.007556942,0.000886271,0.004844675,0.002688976,0.000346068,2.28E-06,8.94E-07,4.51E-08,1.18E-05,0,0,6.55E-06,3.92E-06,2.43E-06,1.89E-06,2.59E-06,1.61E-06,2.96E-06,6.76E-06,1.07E-06,1.70E-05,1.71E-05,0.214795665,0.005907146,478.1004127,0.055244295,0.017733617,0.037390775,0.000119908,0.003831172,0.00465249,0.052966133,0.016660641,0.036190915,0.000114606,0.001002927,0.001115705,0,2.57E-05,1.50E-05,3.22E-05,1.07E-05,1.86E-06,0,0,1.27E-06,0,9.92E-07,2.72E-05,0,8.29E-05,3.18E-05
Fwy,63,4.870478547,1.809856323,0.007531419,0.0008833,0.00480662,0.002670784,0.000343054,2.28E-06,8.94E-07,4.37E-08,1.16E-05,0,0,6.49E-06,3.83E-06,2.39E-06,1.87E-06,2.58E-06,1.60E-06,2.90E-06,6.66E-06,1.06E-06,1.68E-05,1.68E-05,0.213460734,0.005937554,480.1629096,0.055403787,0.01749331,0.037789717,0.000120769,0.003568601,0.004578641,0.053123559,0.016429883,0.036578271,0.00011544,0.00093419,0.001097995,0,2.54E-05,1.48E-05,3.19E-05,1.06E-05,1.84E-06,0,0,1.26E-06,0,9.82E-07,2.69E-05,0,8.21E-05,3.15E-05
Fwy,64,4.878377218,1.824368137,0.007505896,0.000880328,0.004768566,0.002652592,0.00034004,2.28E-06,8.94E-07,4.24E-08,1.14E-05,0,0,6.42E-06,3.73E-06,2.35E-06,1.86E-06,2.56E-06,1.59E-06,2.83E-06,6.57E-06,1.06E-06,1.65E-05,1.65E-05,0.212125803,0.005967962,482.2254065,0.05556328,0.017253003,0.038188659,0.00012163,0.00330603,0.004504791,0.053280986,0.016199125,0.036965627,0.000116274,0.000865453,0.001080286,0,2.51E-05,1.47E-05,3.17E-05,1.05E-05,1.82E-06,0,0,1.25E-06,0,9.72E-07,2.67E-05,0,8.13E-05,3.12E-05
Fwy,65,4.886275889,1.838879951,0.007480373,0.000877357,0.004730512,0.002634399,0.000337026,2.28E-06,8.94E-07,4.10E-08,1.12E-05,0,0,6.35E-06,3.64E-06,2.31E-06,1.84E-06,2.55E-06,1.58E-06,2.77E-06,6.47E-06,1.05E-06,1.63E-05,1.62E-05,0.210790871,0.00599837,484.2879034,0.055722773,0.017012696,0.038587602,0.000122491,0.003043458,0.004430942,0.053438412,0.015968367,0.037352983,0.000117107,0.000796717,0.001062577,0,2.49E-05,1.46E-05,3.15E-05,1.04E-05,1.80E-06,0,0,1.24E-06,0,9.63E-07,2.64E-05,0,8.05E-05,3.09E-05
Art,3,19.45355174,4.273948687,0.07689596,0.007772046,0.030334029,0.018432881,0.001992771,2.28E-06,8.93E-07,4.00E-07,6.43E-05,0,0,2.42E-05,2.86E-05,1.28E-05,6.30E-06,5.90E-06,3.75E-06,1.91E-05,3.20E-05,2.87E-06,7.67E-05,9.31E-05,2.502733077,0.0289542,2419.41654,0.127992748,0.081102034,0.046506478,0.000384178,0.209529431,0.086392133,0.122807652,0.077512926,0.044934189,0.000360415,0.054850621,0.020717511,0,0.000129282,8.19E-05,0.000210627,5.77E-05,9.30E-06,0,0,6.90E-06,0,5.01E-06,0.00014682,0,0.00042173,0.000160622
Art,4,14.82854958,3.325632298,0.055773584,0.005663645,0.021750059,0.013282437,0.0014215,2.28E-06,8.93E-07,2.80E-07,4.64E-05,0,0,1.82E-05,2.02E-05,9.27E-06,4.79E-06,4.76E-06,3.02E-06,1.36E-05,2.34E-05,2.25E-06,5.63E-05,6.72E-05,1.789434882,0.02139948,1778.781814,0.093426227,0.059413303,0.033732372,0.000280539,0.15113817,0.060474482,0.089526173,0.056686796,0.032576238,0.000263074,0.039564928,0.014502255,0,9.14E-05,5.83E-05,0.000151382,4.10E-05,6.58E-06,0,0,4.91E-06,0,3.55E-06,0.000104314,0,0.000298396,0.000113589
Art,5,11.74521481,2.693421372,0.041692,0.004258044,0.016027412,0.009848808,0.001040653,2.28E-06,8.93E-07,1.99E-07,3.45E-05,0,0,1.42E-05,1.46E-05,6.91E-06,3.79E-06,4.00E-06,2.52E-06,9.95E-06,1.76E-05,1.84E-06,4.27E-05,5.00E-05,1.313902752,0.016363,1351.691997,0.070381879,0.044954149,0.025216302,0.000211447,0.112210663,0.043196048,0.06733852,0.042802709,0.024337603,0.000198179,0.029374466,0.010358752,0,6.62E-05,4.25E-05,0.000111885,2.98E-05,4.76E-06,0,0,3.57E-06,0,2.57E-06,7.60E-05,0,0.000216174,8.22E-05
Art,6,10.98493906,2.537277559,0.038180955,0.003908208,0.014618032,0.009000552,0.00094715,2.28E-06,8.93E-07,1.79E-07,3.15E-05,0,0,1.31E-05,1.32E-05,6.32E-06,3.54E-06,3.81E-06,2.40E-06,9.02E-06,1.62E-05,1.74E-06,3.93E-05,4.56E-05,1.19543241,0.01511602,1247.091177,0.065492879,0.041301932,0.023995607,0.000195359,0.102394763,0.038876445,0.062637545,0.03929537,0.023159042,0.000183109,0.026804868,0.009322877,0,6.00E-05,3.86E-05,0.000102143,2.71E-05,4.31E-06,0,0,3.25E-06,0,2.33E-06,6.90E-05,0,0.000196088,7.46E-05
Art,7,10.22466331,2.381133745,0.034669911,0.003558372,0.013208652,0.008152296,0.000853647,2.28E-06,8.93E-07,1.58E-07,2.84E-05,0,0,1.21E-05,1.18E-05,5.72E-06,3.28E-06,3.62E-06,2.28E-06,8.09E-06,1.47E-05,1.63E-06,3.58E-05,4.12E-05,1.076962067,0.01386904,1142.490357,0.060603879,0.037649715,0.022774913,0.00017927,0.092578864,0.034556842,0.05793657,0.035788031,0.021980481,0.000168038,0.02423527,0.008287003,0,5.39E-05,3.47E-05,9.24E-05,2.44E-05,3.87E-06,0,0,2.92E-06,0,2.09E-06,6.21E-05,0,0.000176001,6.69E-05
Art,8,9.464387559,2.224989932,0.031158867,0.003208536,0.011799273,0.00730404,0.000760145,2.28E-06,8.93E-07,1.38E-07,2.54E-05,0,0,1.11E-05,1.04E-05,5.12E-06,3.03E-06,3.43E-06,2.15E-06,7.16E-06,1.33E-05,1.53E-06,3.24E-05,3.68E-05,0.958491724,0.01262206,1037.889537,0.055714879,0.033997498,0.021554219,0.000163182,0.082762964,0.030237239,0.053235594,0.032280692,0.02080192,0.000152967,0.021665672,0.007251128,0,4.77E-05,3.09E-05,8.27E-05,2.17E-05,3.43E-06,0,0,2.60E-06,0,1.85E-06,5.52E-05,0,0.000155914,5.93E-05
Art,9,8.70411181,2.068846118,0.027647822,0.0028587,0.010389893,0.006455784,0.000666642,2.28E-06,8.93E-07,1.17E-07,2.24E-05,0,0,1.01E-05,8.94E-06,4.53E-06,2.77E-06,3.24E-06,2.03E-06,6.23E-06,1.18E-05,1.43E-06,2.90E-05,3.25E-05,0.840021381,0.01137508,933.2887175,0.050825879,0.030345281,0.020333524,0.000147093,0.072947065,0.025917636,0.048534619,0.028773353,0.019623358,0.000137897,0.019096075,0.006215254,0,4.15E-05,2.70E-05,7.29E-05,1.89E-05,2.98E-06,0,0,2.27E-06,0,1.61E-06,4.82E-05,0,0.000135827,5.16E-05
Art,10,7.943836061,1.912702305,0.024136778,0.002508864,0.008980513,0.005607528,0.00057314,2.28E-06,8.93E-07,9.67E-08,1.94E-05,0,0,9.08E-06,7.52E-06,3.93E-06,2.52E-06,3.05E-06,1.91E-06,5.30E-06,1.04E-05,1.32E-06,2.55E-05,2.81E-05,0.721551038,0.0101281,828.6878976,0.04593688,0.026693064,0.01911283,0.000131005,0.063131166,0.021598033,0.043833644,0.025266014,0.018444797,0.000122826,0.016526477,0.005179379,0,3.54E-05,2.31E-05,6.32E-05,1.62E-05,2.54E-06,0,0,1.94E-06,0,1.37E-06,4.13E-05,0,0.00011574,4.39E-05
Art,11,7.695903812,1.856523498,0.022967864,0.002392466,0.008512769,0.005325826,0.000542141,2.28E-06,8.93E-07,9.01E-08,1.84E-05,0,0,8.75E-06,7.05E-06,3.74E-06,2.44E-06,2.99E-06,1.87E-06,5.00E-06,9.92E-06,1.29E-06,2.44E-05,2.67E-05,0.682123046,0.009721774,794.8205284,0.044888601,0.02550475,0.019257676,0.000126193,0.059769798,0.020158165,0.042830597,0.024125103,0.018587153,0.00011834,0.015646538,0.004834087,0,3.33E-05,2.19E-05,5.99E-05,1.53E-05,2.39E-06,0,0,1.84E-06,0,1.29E-06,3.90E-05,0,0.000109093,4.14E-05
Art,12,7.447971563,1.800344691,0.021798951,0.002276068,0.008045026,0.005044124,0.000511143,2.28E-06,8.93E-07,8.34E-08,1.74E-05,0,0,8.42E-06,6.59E-06,3.54E-06,2.35E-06,2.93E-06,1.82E-06,4.70E-06,9.44E-06,1.26E-06,2.33E-05,2.53E-05,0.642695053,0.009315448,760.9531592,0.043840323,0.024316435,0.019402522,0.000121382,0.05640843,0.018718296,0.04182755,0.022984191,0.01872951,0.000113853,0.014766599,0.004488795,0,3.13E-05,2.06E-05,5.67E-05,1.44E-05,2.25E-06,0,0,1.73E-06,0,1.21E-06,3.67E-05,0,0.000102445,3.89E-05
Art,13,7.200039314,1.744165884,0.020630037,0.002159671,0.007577282,0.004762422,0.000480145,2.28E-06,8.93E-07,7.68E-08,1.64E-05,0,0,8.08E-06,6.13E-06,3.35E-06,2.27E-06,2.86E-06,1.78E-06,4.40E-06,8.97E-06,1.22E-06,2.22E-05,2.38E-05,0.60326706,0.008909122,727.08579,0.042792045,0.023128121,0.019547367,0.000116571,0.053047062,0.017278428,0.040824503,0.02184328,0.018871866,0.000109367,0.01388666,0.004143504,0,2.92E-05,1.93E-05,5.35E-05,1.35E-05,2.10E-06,0,0,1.62E-06,0,1.14E-06,3.44E-05,0,9.58E-05,3.63E-05
Art,14,6.952107065,1.687987077,0.019461123,0.002043273,0.007109538,0.00448072,0.000449147,2.28E-06,8.93E-07,7.01E-08,1.54E-05,0,0,7.75E-06,5.66E-06,3.15E-06,2.19E-06,2.80E-06,1.74E-06,4.09E-06,8.50E-06,1.19E-06,2.10E-05,2.24E-05,0.563839067,0.008502796,693.2184208,0.041743767,0.021939807,0.019692213,0.000111759,0.049685695,0.01583856,0.039821456,0.020702368,0.019014222,0.00010488,0.013006721,0.003798212,0,2.72E-05,1.80E-05,5.02E-05,1.26E-05,1.95E-06,0,0,1.51E-06,0,1.06E-06,3.21E-05,0,8.91E-05,3.38E-05
Art,15,6.704174815,1.63180827,0.01829221,0.001926875,0.006641794,0.004199018,0.000418149,2.28E-06,8.93E-07,6.35E-08,1.44E-05,0,0,7.42E-06,5.20E-06,2.96E-06,2.10E-06,2.74E-06,1.70E-06,3.79E-06,8.02E-06,1.15E-06,1.99E-05,2.10E-05,0.524411075,0.00809647,659.3510515,0.040695488,0.020751492,0.019837059,0.000106948,0.046324327,0.014398692,0.038818409,0.019561457,0.019156579,0.000100393,0.012126783,0.00345292,0,2.52E-05,1.67E-05,4.70E-05,1.17E-05,1.80E-06,0,0,1.40E-06,0,9.78E-07,2.98E-05,0,8.25E-05,3.13E-05
Art,16,6.543612717,1.594601025,0.017672766,0.001864525,0.006394648,0.004049557,0.000401843,2.28E-06,8.93E-07,6.04E-08,1.39E-05,0,0,7.20E-06,4.98E-06,2.85E-06,2.04E-06,2.67E-06,1.66E-06,3.64E-06,7.75E-06,1.12E-06,1.93E-05,2.02E-05,0.503995181,0.00787978,641.3782821,0.039776907,0.020053272,0.019619416,0.000104228,0.044630138,0.013678755,0.03794249,0.018897182,0.018947477,9.78E-05,0.011683277,0.003280274,0,2.41E-05,1.61E-05,4.53E-05,1.12E-05,1.73E-06,0,0,1.35E-06,0,9.36E-07,2.86E-05,0,7.90E-05,3.00E-05
Art,17,6.383050619,1.557393779,0.017053323,0.001802175,0.006147502,0.003900095,0.000385538,2.28E-06,8.93E-07,5.74E-08,1.34E-05,0,0,6.97E-06,4.75E-06,2.74E-06,1.98E-06,2.61E-06,1.62E-06,3.48E-06,7.47E-06,1.09E-06,1.86E-05,1.94E-05,0.483579288,0.00766309,623.4055127,0.038858326,0.019355052,0.019401774,0.000101509,0.04293595,0.012958818,0.03706657,0.018232907,0.018738374,9.53E-05,0.011239772,0.003107628,0,2.30E-05,1.54E-05,4.36E-05,1.07E-05,1.65E-06,0,0,1.29E-06,0,8.95E-07,2.74E-05,0,7.56E-05,2.86E-05
Art,18,6.222488521,1.520186534,0.01643388,0.001739825,0.005900355,0.003750634,0.000369233,2.28E-06,8.93E-07,5.44E-08,1.28E-05,0,0,6.75E-06,4.53E-06,2.64E-06,1.92E-06,2.54E-06,1.58E-06,3.33E-06,7.20E-06,1.06E-06,1.79E-05,1.87E-05,0.463163395,0.0074464,605.4327433,0.037939745,0.018656832,0.019184131,9.88E-05,0.041241762,0.012238881,0.036190651,0.017568632,0.018529272,9.28E-05,0.010796267,0.002934982,0,2.20E-05,1.47E-05,4.19E-05,1.03E-05,1.57E-06,0,0,1.23E-06,0,8.54E-07,2.62E-05,0,7.21E-05,2.73E-05
Art,19,6.061926423,1.482979289,0.015814437,0.001677475,0.005653209,0.003601172,0.000352928,2.28E-06,8.93E-07,5.13E-08,1.23E-05,0,0,6.53E-06,4.31E-06,2.53E-06,1.87E-06,2.48E-06,1.54E-06,3.18E-06,6.92E-06,1.04E-06,1.73E-05,1.79E-05,0.442747502,0.00722971,587.4599739,0.037021164,0.017958612,0.018966489,9.61E-05,0.039547573,0.011518944,0.035314731,0.016904358,0.01832017,9.02E-05,0.010352761,0.002762336,0,2.09E-05,1.41E-05,4.02E-05,9.79E-06,1.50E-06,0,0,1.18E-06,0,8.12E-07,2.50E-05,0,6.86E-05,2.60E-05
Art,20,5.901364325,1.445772044,0.015194993,0.001615125,0.005406063,0.003451711,0.000336623,2.28E-06,8.93E-07,4.83E-08,1.18E-05,0,0,6.30E-06,4.08E-06,2.42E-06,1.81E-06,2.41E-06,1.50E-06,3.02E-06,6.65E-06,1.01E-06,1.66E-05,1.71E-05,0.422331609,0.00701302,569.4872045,0.036102583,0.017260392,0.018748846,9.33E-05,0.037853385,0.010799008,0.034438811,0.016240083,0.018111068,8.77E-05,0.009909256,0.00258969,0,1.98E-05,1.34E-05,3.85E-05,9.31E-06,1.42E-06,0,0,1.12E-06,0,7.71E-07,2.38E-05,0,6.51E-05,2.47E-05
Art,21,5.726524246,1.418951712,0.014753243,0.001569712,0.005243918,0.003350367,0.000326283,2.28E-06,8.93E-07,4.64E-08,1.13E-05,0,0,6.03E-06,3.91E-06,2.32E-06,1.73E-06,2.31E-06,1.43E-06,2.90E-06,6.37E-06,9.62E-07,1.59E-05,1.64E-05,0.408824799,0.006867926,557.3871843,0.035129683,0.016530207,0.018507949,9.15E-05,0.036932703,0.010367049,0.03352071,0.015553928,0.01788082,8.60E-05,0.009668241,0.002486102,0,1.92E-05,1.30E-05,3.73E-05,9.02E-06,1.38E-06,0,0,1.09E-06,0,7.46E-07,2.30E-05,0,6.30E-05,2.39E-05
Art,22,5.551684168,1.39213138,0.014311493,0.001524298,0.005081774,0.003249024,0.000315943,2.28E-06,8.93E-07,4.44E-08,1.08E-05,0,0,5.76E-06,3.74E-06,2.22E-06,1.65E-06,2.20E-06,1.37E-06,2.77E-06,6.08E-06,9.18E-07,1.52E-05,1.57E-05,0.39531799,0.006722832,545.287164,0.034156782,0.015800022,0.018267052,8.97E-05,0.036012022,0.009935091,0.032602608,0.014867773,0.017650572,8.43E-05,0.009427226,0.002382514,0,1.86E-05,1.25E-05,3.62E-05,8.73E-06,1.33E-06,0,0,1.05E-06,0,7.21E-07,2.23E-05,0,6.10E-05,2.31E-05
Art,23,5.376844089,1.365311047,0.013869742,0.001478885,0.00491963,0.00314768,0.000305603,2.28E-06,8.93E-07,4.25E-08,1.03E-05,0,0,5.49E-06,3.58E-06,2.11E-06,1.57E-06,2.10E-06,1.30E-06,2.65E-06,5.80E-06,8.74E-07,1.45E-05,1.49E-05,0.38181118,0.006577738,533.1871438,0.033183882,0.015069837,0.018026156,8.79E-05,0.03509134,0.009503133,0.031684507,0.014181618,0.017420324,8.26E-05,0.009186211,0.002278927,0,1.79E-05,1.21E-05,3.50E-05,8.44E-06,1.28E-06,0,0,1.02E-06,0,6.97E-07,2.15E-05,0,5.89E-05,2.23E-05
Art,24,5.202004011,1.338490715,0.013427992,0.001433471,0.004757485,0.003046337,0.000295262,2.28E-06,8.93E-07,4.05E-08,9.79E-06,0,0,5.22E-06,3.41E-06,2.01E-06,1.49E-06,1.99E-06,1.24E-06,2.52E-06,5.52E-06,8.30E-07,1.38E-05,1.42E-05,0.368304371,0.006432644,521.0871235,0.032210982,0.014339651,0.017785259,8.61E-05,0.034170658,0.009071174,0.030766405,0.013495463,0.017190076,8.09E-05,0.008945196,0.002175339,0,1.73E-05,1.17E-05,3.39E-05,8.14E-06,1.24E-06,0,0,9.81E-07,0,6.72E-07,2.08E-05,0,5.68E-05,2.15E-05
Art,25,5.027163933,1.311670383,0.012986241,0.001388058,0.004595341,0.002944993,0.000284922,2.28E-06,8.93E-07,3.86E-08,9.30E-06,0,0,4.95E-06,3.24E-06,1.91E-06,1.41E-06,1.88E-06,1.17E-06,2.39E-06,5.24E-06,7.86E-07,1.31E-05,1.35E-05,0.354797561,0.00628755,508.9871032,0.031238082,0.013609466,0.017544362,8.42E-05,0.033249977,0.008639216,0.029848304,0.012809308,0.016959828,7.91E-05,0.008704182,0.002071752,0,1.66E-05,1.13E-05,3.28E-05,7.85E-06,1.19E-06,0,0,9.46E-07,0,6.47E-07,2.00E-05,0,5.47E-05,2.07E-05
Art,26,4.957638762,1.283200857,0.012643024,0.00135236,0.00447884,0.002869999,0.00027774,2.28E-06,8.93E-07,3.72E-08,9.06E-06,0,0,4.84E-06,3.14E-06,1.86E-06,1.39E-06,1.85E-06,1.15E-06,2.33E-06,5.11E-06,7.72E-07,1.28E-05,1.32E-05,0.344898184,0.006160784,498.6739104,0.030832531,0.013292256,0.01745746,8.28E-05,0.031621784,0.008351242,0.029462144,0.012507943,0.016876381,7.78E-05,0.008277954,0.002002693,0,1.62E-05,1.10E-05,3.19E-05,7.65E-06,1.16E-06,0,0,9.22E-07,0,6.31E-07,1.95E-05,0,5.33E-05,2.02E-05
Art,27,4.888113591,1.25473133,0.012299807,0.001316663,0.004362338,0.002795006,0.000270558,2.28E-06,8.93E-07,3.59E-08,8.82E-06,0,0,4.74E-06,3.04E-06,1.81E-06,1.36E-06,1.82E-06,1.13E-06,2.26E-06,4.99E-06,7.58E-07,1.25E-05,1.28E-05,0.334998807,0.006034018,488.3607175,0.03042698,0.012975046,0.017370557,8.14E-05,0.029993592,0.008063267,0.029075984,0.012206579,0.016792933,7.65E-05,0.007851727,0.001933635,0,1.58E-05,1.07E-05,3.11E-05,7.46E-06,1.13E-06,0,0,8.99E-07,0,6.15E-07,1.90E-05,0,5.20E-05,1.97E-05
Art,28,4.818588421,1.226261804,0.01195659,0.001280966,0.004245836,0.002720012,0.000263376,2.28E-06,8.93E-07,3.46E-08,8.58E-06,0,0,4.64E-06,2.94E-06,1.77E-06,1.33E-06,1.79E-06,1.11E-06,2.19E-06,4.86E-06,7.44E-07,1.22E-05,1.25E-05,0.32509943,0.005907252,478.0475246,0.03002143,0.012657836,0.017283655,7.99E-05,0.028365399,0.007775293,0.028689825,0.011905215,0.016709486,7.51E-05,0.0074255,0.001864576,0,1.54E-05,1.04E-05,3.03E-05,7.26E-06,1.10E-06,0,0,8.75E-07,0,5.99E-07,1.85E-05,0,5.06E-05,1.92E-05
Art,29,4.74906325,1.197792278,0.011613373,0.001245268,0.004129335,0.002645018,0.000256193,2.28E-06,8.93E-07,3.33E-08,8.34E-06,0,0,4.53E-06,2.85E-06,1.72E-06,1.30E-06,1.76E-06,1.09E-06,2.12E-06,4.74E-06,7.30E-07,1.19E-05,1.21E-05,0.315200053,0.005780486,467.7343318,0.029615879,0.012340626,0.017196752,7.85E-05,0.026737207,0.007487318,0.028303665,0.011603851,0.016626039,7.38E-05,0.006999273,0.001795517,0,1.50E-05,1.02E-05,2.94E-05,7.07E-06,1.07E-06,0,0,8.51E-07,0,5.83E-07,1.80E-05,0,4.93E-05,1.86E-05
Art,30,4.67953808,1.169322751,0.011270156,0.001209571,0.004012833,0.002570024,0.000249011,2.28E-06,8.93E-07,3.20E-08,8.10E-06,0,0,4.43E-06,2.75E-06,1.67E-06,1.27E-06,1.73E-06,1.07E-06,2.06E-06,4.61E-06,7.16E-07,1.16E-05,1.18E-05,0.305300676,0.00565372,457.4211389,0.029210328,0.012023416,0.01710985,7.70E-05,0.025109015,0.007199344,0.027917505,0.011302487,0.016542592,7.24E-05,0.006573046,0.001726459,0,1.46E-05,9.88E-06,2.86E-05,6.87E-06,1.04E-06,0,0,8.28E-07,0,5.67E-07,1.75E-05,0,4.79E-05,1.81E-05
Art,31,4.606226605,1.152997532,0.01100247,0.001181435,0.003928231,0.002513938,0.000243978,2.28E-06,8.93E-07,3.12E-08,7.98E-06,0,0,4.39E-06,2.69E-06,1.64E-06,1.26E-06,1.72E-06,1.06E-06,2.02E-06,4.55E-06,7.11E-07,1.14E-05,1.16E-05,0.29790951,0.005584006,451.4051564,0.028290503,0.01186447,0.016350273,7.57E-05,0.023850782,0.006993648,0.027027766,0.011150369,0.01580621,7.12E-05,0.006243665,0.001677131,0,1.43E-05,9.69E-06,2.80E-05,6.74E-06,1.03E-06,0,0,8.12E-07,0,5.56E-07,1.72E-05,0,4.70E-05,1.78E-05
Art,32,4.532915129,1.136672312,0.010734784,0.001153299,0.003843629,0.002457851,0.000238945,2.28E-06,8.93E-07,3.04E-08,7.86E-06,0,0,4.34E-06,2.64E-06,1.62E-06,1.25E-06,1.71E-06,1.06E-06,1.98E-06,4.49E-06,7.06E-07,1.13E-05,1.14E-05,0.290518345,0.005514292,445.3891738,0.027370679,0.011705524,0.015590697,7.44E-05,0.022592549,0.006787952,0.026138027,0.01099825,0.015069828,7.00E-05,0.005914284,0.001627804,0,1.40E-05,9.49E-06,2.74E-05,6.60E-06,1.01E-06,0,0,7.95E-07,0,5.46E-07,1.68E-05,0,4.61E-05,1.75E-05
Art,33,4.459603654,1.120347093,0.010467098,0.001125163,0.003759027,0.002401765,0.000233912,2.28E-06,8.93E-07,2.97E-08,7.73E-06,0,0,4.30E-06,2.58E-06,1.60E-06,1.24E-06,1.69E-06,1.05E-06,1.95E-06,4.43E-06,7.00E-07,1.11E-05,1.12E-05,0.283127179,0.005444578,439.3731912,0.026450854,0.011546578,0.01483112,7.32E-05,0.021334316,0.006582256,0.025248287,0.010846132,0.014333446,6.87E-05,0.005584902,0.001578477,0,1.38E-05,9.30E-06,2.68E-05,6.47E-06,9.87E-07,0,0,7.79E-07,0,5.35E-07,1.65E-05,0,4.52E-05,1.71E-05
Art,34,4.386292179,1.104021873,0.010199412,0.001097027,0.003674424,0.002345678,0.00022888,2.28E-06,8.93E-07,2.89E-08,7.61E-06,0,0,4.25E-06,2.53E-06,1.57E-06,1.23E-06,1.68E-06,1.04E-06,1.91E-06,4.37E-06,6.95E-07,1.10E-05,1.11E-05,0.275736014,0.005374864,433.3572087,0.025531029,0.011387632,0.014071544,7.19E-05,0.020076083,0.00637656,0.024358548,0.010694013,0.013597063,6.75E-05,0.005255521,0.001529149,0,1.35E-05,9.11E-06,2.61E-05,6.34E-06,9.68E-07,0,0,7.63E-07,0,5.25E-07,1.62E-05,0,4.43E-05,1.68E-05
Art,35,4.312980704,1.087696654,0.009931726,0.001068891,0.003589822,0.002289592,0.000223847,2.28E-06,8.93E-07,2.81E-08,7.49E-06,0,0,4.20E-06,2.47E-06,1.55E-06,1.22E-06,1.67E-06,1.04E-06,1.87E-06,4.31E-06,6.90E-07,1.08E-05,1.09E-05,0.268344848,0.00530515,427.3412261,0.024611204,0.011228686,0.013311967,7.06E-05,0.01881785,0.006170864,0.023468809,0.010541895,0.012860681,6.63E-05,0.00492614,0.001479822,0,1.32E-05,8.91E-06,2.55E-05,6.20E-06,9.48E-07,0,0,7.47E-07,0,5.14E-07,1.58E-05,0,4.34E-05,1.65E-05
Art,36,4.254788799,1.081442203,0.009728927,0.001047521,0.003525594,0.002247027,0.000220038,2.28E-06,8.93E-07,2.74E-08,7.38E-06,0,0,4.17E-06,2.42E-06,1.53E-06,1.21E-06,1.67E-06,1.03E-06,1.84E-06,4.26E-06,6.86E-07,1.07E-05,1.07E-05,0.262789946,0.005268778,424.1732631,0.02437559,0.011096547,0.01320897,7.01E-05,0.017853184,0.006016593,0.023241703,0.010414853,0.012761057,6.58E-05,0.004673611,0.001442827,0,1.30E-05,8.77E-06,2.51E-05,6.10E-06,9.34E-07,0,0,7.35E-07,0,5.06E-07,1.56E-05,0,4.28E-05,1.62E-05
Art,37,4.196596893,1.075187753,0.009526127,0.00102615,0.003461366,0.002204461,0.00021623,2.28E-06,8.93E-07,2.66E-08,7.27E-06,0,0,4.13E-06,2.37E-06,1.50E-06,1.20E-06,1.66E-06,1.03E-06,1.81E-06,4.21E-06,6.83E-07,1.06E-05,1.06E-05,0.257235044,0.005232406,421.0053002,0.024139976,0.010964408,0.013105973,6.96E-05,0.016888518,0.005862322,0.023014597,0.010287811,0.012661433,6.54E-05,0.004421081,0.001405831,0,1.28E-05,8.62E-06,2.46E-05,6.00E-06,9.20E-07,0,0,7.23E-07,0,4.99E-07,1.53E-05,0,4.21E-05,1.59E-05
Art,38,4.138404987,1.068933302,0.009323328,0.00100478,0.003397138,0.002161896,0.000212422,2.28E-06,8.93E-07,2.58E-08,7.16E-06,0,0,4.10E-06,2.32E-06,1.48E-06,1.19E-06,1.66E-06,1.03E-06,1.77E-06,4.15E-06,6.79E-07,1.04E-05,1.04E-05,0.251680142,0.005196034,417.8373372,0.023904362,0.010832269,0.013002976,6.91E-05,0.015923852,0.005708051,0.022787492,0.010160769,0.012561809,6.49E-05,0.004168552,0.001368836,0,1.26E-05,8.47E-06,2.41E-05,5.90E-06,9.05E-07,0,0,7.10E-07,0,4.91E-07,1.51E-05,0,4.14E-05,1.57E-05
Art,39,4.080213082,1.062678852,0.009120529,0.00098341,0.00333291,0.002119331,0.000208614,2.28E-06,8.93E-07,2.51E-08,7.05E-06,0,0,4.06E-06,2.27E-06,1.46E-06,1.18E-06,1.65E-06,1.02E-06,1.74E-06,4.10E-06,6.76E-07,1.03E-05,1.02E-05,0.24612524,0.005159663,414.6693742,0.023668748,0.010700131,0.012899979,6.86E-05,0.014959185,0.005553779,0.022560386,0.010033727,0.012462185,6.45E-05,0.003916023,0.001331841,0,1.24E-05,8.33E-06,2.37E-05,5.80E-06,8.91E-07,0,0,6.98E-07,0,4.83E-07,1.48E-05,0,4.08E-05,1.54E-05
Art,40,4.022021176,1.056424402,0.008917729,0.00096204,0.003268682,0.002076766,0.000204805,2.28E-06,8.93E-07,2.43E-08,6.94E-06,0,0,4.03E-06,2.21E-06,1.44E-06,1.17E-06,1.64E-06,1.02E-06,1.70E-06,4.05E-06,6.72E-07,1.02E-05,1.01E-05,0.240570339,0.005123291,411.5014112,0.023433134,0.010567992,0.012796982,6.82E-05,0.013994519,0.005399508,0.022333281,0.009906685,0.012362562,6.40E-05,0.003663493,0.001294845,0,1.22E-05,8.18E-06,2.32E-05,5.70E-06,8.76E-07,0,0,6.86E-07,0,4.75E-07,1.45E-05,0,4.01E-05,1.52E-05
Art,41,3.985119063,1.053651607,0.008768851,0.000946423,0.00322018,0.002044998,0.000201887,2.28E-06,8.93E-07,2.37E-08,6.86E-06,0,0,4.00E-06,2.17E-06,1.42E-06,1.17E-06,1.64E-06,1.02E-06,1.68E-06,4.01E-06,6.71E-07,1.01E-05,9.97E-06,0.236403869,0.005096303,409.1482965,0.023265935,0.010474131,0.012723994,6.78E-05,0.013201187,0.005279519,0.022171437,0.009815872,0.012291866,6.37E-05,0.003455812,0.001266071,0,1.21E-05,8.07E-06,2.29E-05,5.62E-06,8.65E-07,0,0,6.77E-07,0,4.69E-07,1.43E-05,0,3.96E-05,1.50E-05
Art,42,3.948216949,1.050878813,0.008619973,0.000930806,0.003171678,0.00201323,0.000198968,2.28E-06,8.93E-07,2.31E-08,6.78E-06,0,0,3.98E-06,2.13E-06,1.41E-06,1.16E-06,1.64E-06,1.01E-06,1.65E-06,3.97E-06,6.69E-07,1.00E-05,9.85E-06,0.2322374,0.005069314,406.7951818,0.023098737,0.010380271,0.012651006,6.75E-05,0.012407856,0.00515953,0.022009593,0.009725059,0.012221171,6.34E-05,0.003248132,0.001237296,0,1.19E-05,7.96E-06,2.25E-05,5.55E-06,8.53E-07,0,0,6.67E-07,0,4.62E-07,1.41E-05,0,3.90E-05,1.48E-05
Art,43,3.911314836,1.048106018,0.008471095,0.00091519,0.003123176,0.001981462,0.000196049,2.28E-06,8.93E-07,2.25E-08,6.70E-06,0,0,3.96E-06,2.09E-06,1.39E-06,1.16E-06,1.64E-06,1.01E-06,1.62E-06,3.94E-06,6.68E-07,9.94E-06,9.74E-06,0.228070931,0.005042326,404.4420671,0.022931538,0.01028641,0.012578017,6.71E-05,0.011614524,0.005039541,0.021847749,0.009634246,0.012150476,6.30E-05,0.003040451,0.001208522,0,1.17E-05,7.84E-06,2.22E-05,5.47E-06,8.42E-07,0,0,6.58E-07,0,4.56E-07,1.39E-05,0,3.85E-05,1.46E-05
Art,44,3.874412723,1.045333224,0.008322217,0.000899573,0.003074673,0.001949693,0.00019313,2.28E-06,8.93E-07,2.19E-08,6.61E-06,0,0,3.93E-06,2.05E-06,1.38E-06,1.15E-06,1.64E-06,1.01E-06,1.60E-06,3.90E-06,6.66E-07,9.85E-06,9.62E-06,0.223904461,0.005015338,402.0889523,0.022764339,0.01019255,0.012505029,6.67E-05,0.010821193,0.004919551,0.021685906,0.009543434,0.012079781,6.27E-05,0.00283277,0.001179747,0,1.16E-05,7.73E-06,2.18E-05,5.39E-06,8.30E-07,0,0,6.48E-07,0,4.50E-07,1.37E-05,0,3.80E-05,1.44E-05
Art,45,3.83751061,1.04256043,0.008173339,0.000883956,0.003026171,0.001917925,0.000190211,2.28E-06,8.93E-07,2.12E-08,6.53E-06,0,0,3.91E-06,2.01E-06,1.36E-06,1.15E-06,1.63E-06,1.01E-06,1.57E-06,3.86E-06,6.64E-07,9.76E-06,9.50E-06,0.219737992,0.00498835,399.7358376,0.02259714,0.010098689,0.012432041,6.64E-05,0.010027861,0.004799562,0.021524062,0.009452621,0.012009086,6.24E-05,0.002625089,0.001150973,0,1.14E-05,7.62E-06,2.15E-05,5.31E-06,8.19E-07,0,0,6.39E-07,0,4.44E-07,1.35E-05,0,3.74E-05,1.42E-05
Art,46,3.820965381,1.044081308,0.008068796,0.000873106,0.002989412,0.001894558,0.000187918,2.28E-06,8.93E-07,2.06E-08,6.46E-06,0,0,3.90E-06,1.97E-06,1.35E-06,1.14E-06,1.64E-06,1.01E-06,1.55E-06,3.83E-06,6.65E-07,9.70E-06,9.40E-06,0.216651669,0.004967414,397.8575195,0.022327519,0.010027427,0.01223405,6.60E-05,0.009317248,0.004703571,0.021261473,0.009382573,0.01181689,6.20E-05,0.002439065,0.001127953,0,1.13E-05,7.52E-06,2.12E-05,5.25E-06,8.09E-07,0,0,6.31E-07,0,4.38E-07,1.34E-05,0,3.70E-05,1.40E-05
Art,47,3.804420152,1.045602187,0.007964254,0.000862256,0.002952653,0.001871191,0.000185625,2.28E-06,8.93E-07,2.00E-08,6.39E-06,0,0,3.89E-06,1.93E-06,1.33E-06,1.14E-06,1.64E-06,1.01E-06,1.52E-06,3.81E-06,6.65E-07,9.64E-06,9.30E-06,0.213565345,0.004946478,395.9792015,0.022057897,0.009956165,0.012036058,6.57E-05,0.008606634,0.004607579,0.020998884,0.009312525,0.011624693,6.17E-05,0.002253041,0.001104934,0,1.11E-05,7.43E-06,2.09E-05,5.18E-06,8.00E-07,0,0,6.24E-07,0,4.33E-07,1.32E-05,0,3.65E-05,1.39E-05
Art,48,3.787874924,1.047123066,0.007859711,0.000851406,0.002915893,0.001847824,0.000183332,2.28E-06,8.93E-07,1.94E-08,6.32E-06,0,0,3.87E-06,1.89E-06,1.32E-06,1.14E-06,1.64E-06,1.02E-06,1.50E-06,3.78E-06,6.66E-07,9.57E-06,9.20E-06,0.210479022,0.004925542,394.1008834,0.021788275,0.009884903,0.011838067,6.53E-05,0.007896021,0.004511588,0.020736295,0.009242477,0.011432497,6.13E-05,0.002067017,0.001081914,0,1.10E-05,7.34E-06,2.07E-05,5.12E-06,7.90E-07,0,0,6.16E-07,0,4.28E-07,1.31E-05,0,3.61E-05,1.37E-05
Art,49,3.771329695,1.048643944,0.007755169,0.000840556,0.002879134,0.001824457,0.000181039,2.28E-06,8.93E-07,1.88E-08,6.26E-06,0,0,3.86E-06,1.85E-06,1.31E-06,1.14E-06,1.65E-06,1.02E-06,1.48E-06,3.75E-06,6.66E-07,9.51E-06,9.10E-06,0.207392699,0.004904606,392.2225654,0.021518653,0.009813641,0.011640075,6.49E-05,0.007185408,0.004415596,0.020473705,0.009172429,0.0112403,6.10E-05,0.001880994,0.001058895,0,1.09E-05,7.25E-06,2.04E-05,5.06E-06,7.80E-07,0,0,6.08E-07,0,4.23E-07,1.29E-05,0,3.57E-05,1.35E-05
Art,50,3.754784466,1.050164823,0.007650626,0.000829706,0.002842375,0.00180109,0.000178747,2.28E-06,8.93E-07,1.81E-08,6.19E-06,0,0,3.85E-06,1.81E-06,1.29E-06,1.14E-06,1.65E-06,1.02E-06,1.45E-06,3.72E-06,6.67E-07,9.44E-06,9.00E-06,0.204306375,0.00488367,390.3442473,0.021249031,0.009742379,0.011442084,6.46E-05,0.006474794,0.004319605,0.020211116,0.009102381,0.011048104,6.06E-05,0.00169497,0.001035875,0,1.07E-05,7.16E-06,2.02E-05,4.99E-06,7.70E-07,0,0,6.01E-07,0,4.17E-07,1.27E-05,0,3.52E-05,1.34E-05
Art,51,3.756385386,1.051792681,0.007578966,0.000822401,0.002815038,0.001784262,0.000176979,2.28E-06,8.93E-07,1.76E-08,6.13E-06,0,0,3.85E-06,1.78E-06,1.28E-06,1.14E-06,1.66E-06,1.02E-06,1.43E-06,3.70E-06,6.69E-07,9.40E-06,8.92E-06,0.202033026,0.004872292,389.1901836,0.020962651,0.009691769,0.011206595,6.43E-05,0.006001408,0.004241067,0.019931674,0.009051837,0.010819474,6.04E-05,0.001571048,0.001017041,0,1.06E-05,7.09E-06,2.00E-05,4.94E-06,7.62E-07,0,0,5.95E-07,0,4.13E-07,1.26E-05,0,3.48E-05,1.32E-05
Art,52,3.757986305,1.053420538,0.007507305,0.000815095,0.002787702,0.001767434,0.000175212,2.28E-06,8.93E-07,1.71E-08,6.08E-06,0,0,3.84E-06,1.74E-06,1.27E-06,1.14E-06,1.66E-06,1.03E-06,1.41E-06,3.68E-06,6.70E-07,9.35E-06,8.85E-06,0.199759676,0.004860914,388.03612,0.020676271,0.009641159,0.010971107,6.40E-05,0.005528022,0.004162529,0.019652231,0.009001292,0.010590845,6.01E-05,0.001447126,0.000998207,0,1.05E-05,7.02E-06,1.98E-05,4.89E-06,7.54E-07,0,0,5.89E-07,0,4.09E-07,1.25E-05,0,3.45E-05,1.31E-05
Art,53,3.759587224,1.055048396,0.007435644,0.00080779,0.002760365,0.001750607,0.000173445,2.28E-06,8.93E-07,1.65E-08,6.02E-06,0,0,3.84E-06,1.71E-06,1.26E-06,1.14E-06,1.67E-06,1.03E-06,1.39E-06,3.66E-06,6.72E-07,9.31E-06,8.77E-06,0.197486326,0.004849536,386.8820563,0.020389892,0.00959055,0.010735618,6.37E-05,0.005054636,0.004083991,0.019372788,0.008950747,0.010362216,5.98E-05,0.001323204,0.000979373,0,1.04E-05,6.94E-06,1.96E-05,4.84E-06,7.46E-07,0,0,5.83E-07,0,4.04E-07,1.23E-05,0,3.41E-05,1.29E-05
Art,54,3.761188144,1.056676254,0.007363983,0.000800485,0.002733029,0.001733779,0.000171678,2.28E-06,8.93E-07,1.60E-08,5.97E-06,0,0,3.83E-06,1.67E-06,1.25E-06,1.14E-06,1.68E-06,1.04E-06,1.37E-06,3.64E-06,6.73E-07,9.26E-06,8.69E-06,0.195212977,0.004838158,385.7279926,0.020103512,0.00953994,0.01050013,6.34E-05,0.00458125,0.004005453,0.019093345,0.008900203,0.010133586,5.95E-05,0.001199282,0.00096054,0,1.03E-05,6.87E-06,1.94E-05,4.79E-06,7.38E-07,0,0,5.77E-07,0,4.00E-07,1.22E-05,0,3.38E-05,1.28E-05
Art,55,3.762789063,1.058304112,0.007292322,0.000793179,0.002705692,0.001716951,0.000169911,2.28E-06,8.93E-07,1.54E-08,5.92E-06,0,0,3.83E-06,1.64E-06,1.24E-06,1.14E-06,1.68E-06,1.04E-06,1.35E-06,3.62E-06,6.75E-07,9.22E-06,8.61E-06,0.192939627,0.00482678,384.5739289,0.019817132,0.00948933,0.010264641,6.32E-05,0.004107863,0.003926915,0.018813903,0.008849658,0.009904957,5.93E-05,0.00107536,0.000941706,0,1.02E-05,6.80E-06,1.92E-05,4.74E-06,7.30E-07,0,0,5.71E-07,0,3.96E-07,1.21E-05,0,3.34E-05,1.27E-05
Art,56,3.782237704,1.060665329,0.007249226,0.000788953,0.002685279,0.001705269,0.000168492,2.28E-06,8.93E-07,1.49E-08,5.88E-06,0,0,3.83E-06,1.61E-06,1.24E-06,1.14E-06,1.69E-06,1.04E-06,1.34E-06,3.61E-06,6.78E-07,9.20E-06,8.56E-06,0.191340292,0.004826314,384.3287064,0.019717284,0.00946262,0.010191571,6.31E-05,0.003859764,0.003861466,0.018714753,0.008821721,0.009833812,5.92E-05,0.001010412,0.00092601,0,1.01E-05,6.74E-06,1.91E-05,4.70E-06,7.23E-07,0,0,5.65E-07,0,3.92E-07,1.20E-05,0,3.31E-05,1.25E-05
Art,57,3.801686345,1.063026546,0.007206129,0.000784726,0.002664867,0.001693586,0.000167073,2.28E-06,8.93E-07,1.45E-08,5.84E-06,0,0,3.83E-06,1.59E-06,1.23E-06,1.14E-06,1.70E-06,1.05E-06,1.32E-06,3.60E-06,6.81E-07,9.18E-06,8.50E-06,0.189740956,0.004825848,384.0834838,0.019617436,0.009435909,0.010118501,6.30E-05,0.003611665,0.003796018,0.018615603,0.008793784,0.009762668,5.91E-05,0.000945464,0.000910315,0,9.98E-06,6.68E-06,1.89E-05,4.66E-06,7.16E-07,0,0,5.60E-07,0,3.88E-07,1.19E-05,0,3.27E-05,1.24E-05
Art,58,3.821134987,1.065387763,0.007163033,0.0007805,0.002644454,0.001681904,0.000165654,2.28E-06,8.93E-07,1.40E-08,5.80E-06,0,0,3.84E-06,1.56E-06,1.22E-06,1.14E-06,1.71E-06,1.05E-06,1.31E-06,3.58E-06,6.83E-07,9.15E-06,8.45E-06,0.188141621,0.004825382,383.8382613,0.019517589,0.009409198,0.01004543,6.30E-05,0.003363566,0.003730569,0.018516454,0.008765846,0.009691523,5.91E-05,0.000880516,0.00089462,0,9.88E-06,6.62E-06,1.88E-05,4.61E-06,7.09E-07,0,0,5.55E-07,0,3.84E-07,1.18E-05,0,3.24E-05,1.23E-05
Art,59,3.840583628,1.06774898,0.007119937,0.000776273,0.002624042,0.001670221,0.000164234,2.28E-06,8.93E-07,1.35E-08,5.77E-06,0,0,3.84E-06,1.53E-06,1.22E-06,1.15E-06,1.72E-06,1.06E-06,1.29E-06,3.57E-06,6.86E-07,9.13E-06,8.40E-06,0.186542286,0.004824916,383.5930387,0.019417741,0.009382487,0.00997236,6.29E-05,0.003115467,0.00366512,0.018417304,0.008737909,0.009620379,5.90E-05,0.000815568,0.000878925,0,9.78E-06,6.56E-06,1.87E-05,4.57E-06,7.01E-07,0,0,5.50E-07,0,3.80E-07,1.17E-05,0,3.21E-05,1.22E-05
Art,60,3.860032269,1.070110197,0.007076841,0.000772047,0.002603629,0.001658539,0.000162815,2.28E-06,8.93E-07,1.31E-08,5.73E-06,0,0,3.84E-06,1.50E-06,1.21E-06,1.15E-06,1.73E-06,1.07E-06,1.27E-06,3.56E-06,6.89E-07,9.11E-06,8.34E-06,0.18494295,0.00482445,383.3478162,0.019317893,0.009355776,0.00989929,6.28E-05,0.002867368,0.003599671,0.018318155,0.008709972,0.009549234,5.90E-05,0.00075062,0.00086323,0,9.68E-06,6.50E-06,1.85E-05,4.53E-06,6.94E-07,0,0,5.45E-07,0,3.76E-07,1.15E-05,0,3.18E-05,1.20E-05
Art,61,3.897783894,1.077500108,0.007070989,0.000771943,0.002592028,0.001653551,0.00016182,2.28E-06,8.93E-07,1.26E-08,5.71E-06,0,0,3.86E-06,1.48E-06,1.21E-06,1.15E-06,1.74E-06,1.07E-06,1.26E-06,3.56E-06,6.94E-07,9.12E-06,8.32E-06,0.184142007,0.00483952,384.3244674,0.019444484,0.009362625,0.010018757,6.31E-05,0.002665806,0.003544292,0.018437221,0.008713335,0.009664676,5.92E-05,0.000697855,0.000849949,0,9.59E-06,6.45E-06,1.85E-05,4.49E-06,6.88E-07,0,0,5.41E-07,0,3.73E-07,1.15E-05,0,3.15E-05,1.19E-05
Art,62,3.93553552,1.08489002,0.007065137,0.000771839,0.002580427,0.001648564,0.000160825,2.28E-06,8.93E-07,1.22E-08,5.69E-06,0,0,3.87E-06,1.46E-06,1.20E-06,1.16E-06,1.76E-06,1.08E-06,1.25E-06,3.56E-06,6.99E-07,9.13E-06,8.29E-06,0.183341064,0.00485459,385.3011185,0.019571074,0.009369474,0.010138224,6.34E-05,0.002464245,0.003488912,0.018556287,0.008716697,0.009780117,5.95E-05,0.00064509,0.000836669,0,9.50E-06,6.41E-06,1.84E-05,4.46E-06,6.81E-07,0,0,5.37E-07,0,3.69E-07,1.14E-05,0,3.12E-05,1.18E-05
Art,63,3.973287145,1.092279931,0.007059285,0.000771736,0.002568827,0.001643577,0.000159829,2.28E-06,8.93E-07,1.18E-08,5.67E-06,0,0,3.89E-06,1.44E-06,1.20E-06,1.17E-06,1.77E-06,1.09E-06,1.24E-06,3.56E-06,7.04E-07,9.14E-06,8.26E-06,0.182540121,0.00486966,386.2777697,0.019697665,0.009376322,0.010257691,6.37E-05,0.002262683,0.003433532,0.018675353,0.00872006,0.009895559,5.97E-05,0.000592326,0.000823388,0,9.41E-06,6.36E-06,1.83E-05,4.42E-06,6.74E-07,0,0,5.33E-07,0,3.66E-07,1.13E-05,0,3.09E-05,1.17E-05
Art,64,4.01103877,1.099669842,0.007053433,0.000771632,0.002557226,0.00163859,0.000158834,2.28E-06,8.93E-07,1.14E-08,5.65E-06,0,0,3.91E-06,1.41E-06,1.20E-06,1.17E-06,1.79E-06,1.10E-06,1.23E-06,3.56E-06,7.10E-07,9.15E-06,8.24E-06,0.181739178,0.00488473,387.2544209,0.019824255,0.009383171,0.010377158,6.39E-05,0.002061122,0.003378153,0.01879442,0.008723423,0.010011,6.00E-05,0.000539561,0.000810108,0,9.32E-06,6.31E-06,1.82E-05,4.39E-06,6.68E-07,0,0,5.29E-07,0,3.62E-07,1.12E-05,0,3.06E-05,1.16E-05
Art,65,4.048790395,1.107059754,0.007047582,0.000771528,0.002545625,0.001633602,0.000157839,2.28E-06,8.93E-07,1.09E-08,5.64E-06,0,0,3.92E-06,1.39E-06,1.20E-06,1.18E-06,1.80E-06,1.11E-06,1.22E-06,3.56E-06,7.15E-07,9.16E-06,8.21E-06,0.180938235,0.0048998,388.231072,0.019950846,0.009390019,0.010496625,6.42E-05,0.00185956,0.003322773,0.018913486,0.008726786,0.010126442,6.03E-05,0.000486796,0.000796827,0,9.23E-06,6.27E-06,1.82E-05,4.36E-06,6.61E-07,0,0,5.25E-07,0,3.59E-07,1.11E-05,0,3.03E-05,1.15E-05
Ramp,3,20.62052509,8.497121328,0.078512068,0.008838922,0.062991381,0.032970207,0.004694063,2.28E-06,8.94E-07,1.30E-06,0.000179191,0,0,5.39E-05,8.82E-05,3.51E-05,1.28E-05,6.77E-06,4.57E-06,5.67E-05,8.34E-05,4.50E-06,0.000196005,0.000259109,2.834077492,0.0340953,2914.392501,0.363090428,0.209796063,0.152597616,0.000697192,0.307258839,0.115204488,0.350911327,0.202391669,0.147853826,0.000665749,0.080434204,0.02762695,0,0.000367132,0.000206969,0.000404613,0.000149325,2.66E-05,0,0,1.76E-05,0,1.42E-05,0.000378065,0,0.001184672,0.000455539
Ramp,4,15.30262725,6.275974904,0.056780443,0.006400139,0.044728592,0.023500633,0.003323193,2.28E-06,8.94E-07,9.14E-07,0.000126918,0,0,3.87E-05,6.22E-05,2.49E-05,9.27E-06,5.15E-06,3.46E-06,4.00E-05,5.93E-05,3.32E-06,0.000139498,0.000183537,2.020430389,0.025002,2113.50461,0.258018704,0.149214649,0.108304335,0.000499864,0.222567525,0.080643157,0.249276367,0.143873487,0.10492571,0.000477113,0.058263702,0.019338877,0,0.000258949,0.000146302,0.000287799,0.000105505,1.88E-05,0,0,1.25E-05,0,1.00E-05,0.00026715,0,0.000835767,0.000321312
Ramp,5,11.75736202,4.795210622,0.042292694,0.004774284,0.032553399,0.017187583,0.00240928,2.28E-06,8.94E-07,6.56E-07,9.21E-05,0,0,2.85E-05,4.48E-05,1.81E-05,6.89E-06,4.08E-06,2.71E-06,2.89E-05,4.32E-05,2.53E-06,0.000101827,0.000133156,1.477998987,0.0189398,1579.579349,0.187970887,0.10882704,0.078775481,0.000368312,0.166106649,0.05760227,0.181519727,0.104861365,0.076306966,0.000351355,0.043483368,0.013813495,0,0.000186826,0.000105858,0.000209923,7.63E-05,1.35E-05,0,0,9.01E-06,0,7.21E-06,0.000193206,0,0.000603163,0.000231826
Ramp,6,10.88003262,4.45408561,0.038667013,0.004368425,0.029547204,0.01562591,0.002184067,2.28E-06,8.94E-07,5.89E-07,8.29E-05,0,0,2.59E-05,4.02E-05,1.63E-05,6.25E-06,3.77E-06,2.51E-06,2.60E-05,3.90E-05,2.31E-06,9.19E-05,0.000119914,1.34289076,0.01745586,1454.191372,0.173783428,0.098221841,0.07522171,0.000339838,0.151491234,0.051842038,0.167812438,0.094621262,0.072866929,0.000324214,0.039657348,0.012432145,0,0.000169099,9.59E-05,0.00019069,6.91E-05,1.22E-05,0,0,8.16E-06,0,6.53E-06,0.000175011,0,0.000545975,0.000209831
Ramp,7,10.00270323,4.112960597,0.035041333,0.003962567,0.026541008,0.014064237,0.001958855,2.28E-06,8.94E-07,5.22E-07,7.38E-05,0,0,2.32E-05,3.57E-05,1.45E-05,5.62E-06,3.47E-06,2.30E-06,2.31E-05,3.47E-05,2.10E-06,8.20E-05,0.000106671,1.207782534,0.01597192,1328.803395,0.159595969,0.087616641,0.071667939,0.000311364,0.136875819,0.046081806,0.154105149,0.08438116,0.069426892,0.000297072,0.035831329,0.011050794,0,0.000151371,8.60E-05,0.000171456,6.19E-05,1.10E-05,0,0,7.31E-06,0,5.84E-06,0.000156815,0,0.000488787,0.000187836
Ramp,8,9.125373829,3.771835585,0.031415653,0.003556708,0.023534813,0.012502564,0.001733643,2.28E-06,8.94E-07,4.55E-07,6.46E-05,0,0,2.05E-05,3.12E-05,1.27E-05,4.99E-06,3.17E-06,2.09E-06,2.02E-05,3.05E-05,1.89E-06,7.21E-05,9.34E-05,1.072674308,0.01448798,1203.415418,0.14540851,0.077011441,0.068114168,0.000282891,0.122260404,0.040321574,0.14039786,0.074141057,0.065986855,0.000269931,0.03200531,0.009669444,0,0.000133644,7.60E-05,0.000152223,5.47E-05,9.68E-06,0,0,6.46E-06,0,5.16E-06,0.00013862,0,0.000431599,0.000165841
Ramp,9,8.248044432,3.430710572,0.027789973,0.00315085,0.020528617,0.010940891,0.001508431,2.28E-06,8.94E-07,3.87E-07,5.54E-05,0,0,1.78E-05,2.66E-05,1.09E-05,4.35E-06,2.87E-06,1.89E-06,1.73E-05,2.63E-05,1.67E-06,6.22E-05,8.02E-05,0.937566082,0.01300404,1078.027441,0.131221051,0.066406241,0.064560397,0.000254417,0.107644989,0.034561343,0.126690571,0.063900954,0.062546818,0.000242789,0.02817929,0.008288093,0,0.000115917,6.60E-05,0.00013299,4.75E-05,8.39E-06,0,0,5.62E-06,0,4.48E-06,0.000120424,0,0.00037441,0.000143846
Ramp,10,7.370715034,3.08958556,0.024164292,0.002744992,0.017522422,0.009379218,0.001283218,2.28E-06,8.94E-07,3.20E-07,4.63E-05,0,0,1.51E-05,2.21E-05,9.11E-06,3.72E-06,2.57E-06,1.68E-06,1.43E-05,2.20E-05,1.46E-06,5.22E-05,6.69E-05,0.802457856,0.0115201,952.6394635,0.117033592,0.055801041,0.061006626,0.000225943,0.093029574,0.028801111,0.112983282,0.053660851,0.059106781,0.000215648,0.024353271,0.006906743,0,9.82E-05,5.61E-05,0.000113757,4.04E-05,7.11E-06,0,0,4.77E-06,0,3.79E-06,0.000102229,0,0.000317222,0.00012185
Ramp,11,7.094399249,2.966423481,0.02294635,0.002609042,0.016534678,0.008864421,0.001209491,2.28E-06,8.94E-07,2.99E-07,4.32E-05,0,0,1.41E-05,2.06E-05,8.50E-06,3.48E-06,2.42E-06,1.58E-06,1.34E-05,2.06E-05,1.37E-06,4.88E-05,6.25E-05,0.757557436,0.011088228,917.1569241,0.114715065,0.052160697,0.062335232,0.000219158,0.088090713,0.026881037,0.110765632,0.05015661,0.060399815,0.000209225,0.023060382,0.006446293,0,9.24E-05,5.28E-05,0.000107436,3.80E-05,6.69E-06,0,0,4.49E-06,0,3.57E-06,9.63E-05,0,0.000298581,0.000114685
Ramp,12,6.818083463,2.843261402,0.021728408,0.002473093,0.015546934,0.008349624,0.001135763,2.28E-06,8.94E-07,2.77E-07,4.01E-05,0,0,1.31E-05,1.91E-05,7.90E-06,3.24E-06,2.27E-06,1.48E-06,1.24E-05,1.91E-05,1.28E-06,4.54E-05,5.80E-05,0.712657017,0.010656356,881.6743846,0.112396539,0.048520353,0.063663838,0.000212374,0.083151853,0.024960963,0.108547982,0.046652369,0.061692849,0.000202803,0.021767493,0.005985843,0,8.66E-05,4.96E-05,0.000101115,3.57E-05,6.27E-06,0,0,4.22E-06,0,3.35E-06,9.03E-05,0,0.000279939,0.000107519
Ramp,13,6.541767678,2.720099324,0.020510466,0.002337143,0.01455919,0.007834826,0.001062036,2.28E-06,8.94E-07,2.55E-07,3.70E-05,0,0,1.21E-05,1.76E-05,7.29E-06,3.00E-06,2.11E-06,1.38E-06,1.15E-05,1.77E-05,1.19E-06,4.20E-05,5.35E-05,0.667756598,0.010224484,846.1918452,0.110078012,0.044880009,0.064992444,0.000205589,0.078212993,0.023040889,0.106330332,0.043148128,0.062985883,0.000196381,0.020474604,0.005525393,0,8.09E-05,4.63E-05,9.48E-05,3.33E-05,5.85E-06,0,0,3.94E-06,0,3.12E-06,8.44E-05,0,0.000261298,0.000100353
Ramp,14,6.265451892,2.596937245,0.019292523,0.002201194,0.013571446,0.007320029,0.000988309,2.28E-06,8.94E-07,2.33E-07,3.39E-05,0,0,1.12E-05,1.61E-05,6.68E-06,2.76E-06,1.96E-06,1.28E-06,1.05E-05,1.62E-05,1.10E-06,3.85E-05,4.91E-05,0.622856178,0.009792613,810.7093058,0.107759485,0.041239665,0.06632105,0.000198804,0.073274133,0.021120814,0.104112682,0.039643887,0.064278917,0.000189958,0.019181714,0.005064943,0,7.51E-05,4.31E-05,8.85E-05,3.10E-05,5.43E-06,0,0,3.66E-06,0,2.90E-06,7.85E-05,0,0.000242657,9.32E-05
Ramp,15,5.989136107,2.473775166,0.018074581,0.002065245,0.012583702,0.006805232,0.000914581,2.28E-06,8.94E-07,2.12E-07,3.08E-05,0,0,1.02E-05,1.46E-05,6.08E-06,2.52E-06,1.81E-06,1.18E-06,9.53E-06,1.48E-05,1.01E-06,3.51E-05,4.46E-05,0.577955759,0.009360741,775.2267664,0.105440958,0.037599321,0.067649656,0.000192019,0.068335272,0.01920074,0.101895032,0.036139646,0.065571952,0.000183536,0.017888825,0.004604494,0,6.93E-05,3.98E-05,8.22E-05,2.86E-05,5.02E-06,0,0,3.39E-06,0,2.68E-06,7.25E-05,0,0.000224016,8.60E-05
Ramp,16,5.823499089,2.40705599,0.017285617,0.00197595,0.012020912,0.006503284,0.000873493,2.28E-06,8.94E-07,2.02E-07,2.95E-05,0,0,9.77E-06,1.39E-05,5.81E-06,2.42E-06,1.75E-06,1.14E-06,9.10E-06,1.41E-05,9.70E-07,3.36E-05,4.27E-05,0.551879955,0.009076272,752.3577735,0.103413939,0.036007235,0.067219456,0.000187261,0.064517947,0.018240704,0.099940693,0.034605489,0.065156258,0.000179017,0.016889521,0.004374269,0,6.62E-05,3.80E-05,7.85E-05,2.73E-05,4.79E-06,0,0,3.23E-06,0,2.56E-06,6.93E-05,0,0.000213897,8.21E-05
Ramp,17,5.657862072,2.340336815,0.016496653,0.001886655,0.011458121,0.006201336,0.000832405,2.28E-06,8.94E-07,1.92E-07,2.81E-05,0,0,9.35E-06,1.33E-05,5.54E-06,2.32E-06,1.69E-06,1.10E-06,8.67E-06,1.35E-05,9.33E-07,3.21E-05,4.07E-05,0.525804151,0.008791804,729.4887806,0.101386919,0.034415148,0.066789256,0.000182504,0.060700622,0.017280669,0.097986353,0.033071333,0.064740564,0.000174497,0.015890217,0.004144045,0,6.31E-05,3.63E-05,7.48E-05,2.60E-05,4.56E-06,0,0,3.08E-06,0,2.44E-06,6.60E-05,0,0.000203779,7.83E-05
Ramp,18,5.492225054,2.273617639,0.015707689,0.00179736,0.010895331,0.005899388,0.000791317,2.28E-06,8.94E-07,1.83E-07,2.68E-05,0,0,8.93E-06,1.26E-05,5.28E-06,2.22E-06,1.63E-06,1.06E-06,8.25E-06,1.28E-05,8.96E-07,3.06E-05,3.87E-05,0.499728348,0.008507336,706.6197876,0.0993599,0.032823061,0.066359055,0.000177746,0.056883297,0.016320633,0.096032013,0.031537176,0.064324871,0.000169978,0.014890913,0.003913821,0,5.99E-05,3.45E-05,7.12E-05,2.48E-05,4.34E-06,0,0,2.93E-06,0,2.31E-06,6.27E-05,0,0.00019366,7.44E-05
Ramp,19,5.326588037,2.206898463,0.014918724,0.001708065,0.01033254,0.005597439,0.000750229,2.28E-06,8.94E-07,1.73E-07,2.54E-05,0,0,8.52E-06,1.20E-05,5.01E-06,2.12E-06,1.57E-06,1.02E-06,7.82E-06,1.22E-05,8.59E-07,2.91E-05,3.68E-05,0.473652544,0.008222868,683.7507947,0.097332881,0.031230975,0.065928855,0.000172988,0.053065972,0.015360597,0.094077673,0.03000302,0.063909177,0.000165459,0.013891609,0.003683596,0,5.68E-05,3.27E-05,6.75E-05,2.35E-05,4.11E-06,0,0,2.78E-06,0,2.19E-06,5.95E-05,0,0.000183542,7.05E-05
Ramp,20,5.160951019,2.140179287,0.01412976,0.00161877,0.009769749,0.005295491,0.000709141,2.28E-06,8.94E-07,1.63E-07,2.41E-05,0,0,8.10E-06,1.13E-05,4.75E-06,2.02E-06,1.51E-06,9.82E-07,7.39E-06,1.16E-05,8.22E-07,2.76E-05,3.48E-05,0.44757674,0.0079384,660.8818017,0.095305861,0.029638888,0.065498655,0.00016823,0.049248647,0.014400561,0.092123333,0.028468863,0.063493483,0.000160939,0.012892305,0.003453372,0,5.37E-05,3.09E-05,6.39E-05,2.22E-05,3.88E-06,0,0,2.62E-06,0,2.07E-06,5.62E-05,0,0.000173423,6.66E-05
Ramp,21,5.075014071,2.112879457,0.013715394,0.001572391,0.009466049,0.005133747,0.000686792,2.28E-06,8.94E-07,1.57E-07,2.33E-05,0,0,7.91E-06,1.09E-05,4.60E-06,1.98E-06,1.52E-06,9.83E-07,7.13E-06,1.12E-05,8.15E-07,2.69E-05,3.37E-05,0.433232409,0.007789418,648.3691277,0.094235638,0.028787816,0.065282207,0.000165552,0.047038328,0.01382454,0.091082217,0.027640646,0.06328314,0.000158391,0.01231369,0.003315237,0,5.19E-05,2.99E-05,6.19E-05,2.15E-05,3.76E-06,0,0,2.54E-06,0,2.01E-06,5.44E-05,0,0.000167866,6.45E-05
Ramp,22,4.989077123,2.085579626,0.013301028,0.001526011,0.009162349,0.004972002,0.000664444,2.28E-06,8.94E-07,1.51E-07,2.25E-05,0,0,7.72E-06,1.05E-05,4.44E-06,1.94E-06,1.52E-06,9.84E-07,6.88E-06,1.09E-05,8.08E-07,2.61E-05,3.26E-05,0.418888078,0.007640436,635.8564537,0.093165414,0.027936744,0.06506576,0.000162874,0.044828008,0.013248518,0.090041101,0.026812428,0.063072797,0.000155843,0.011735075,0.003177102,0,5.02E-05,2.89E-05,6.00E-05,2.08E-05,3.63E-06,0,0,2.46E-06,0,1.94E-06,5.26E-05,0,0.000162308,6.23E-05
Ramp,23,4.903140175,2.058279795,0.012886661,0.001479631,0.008858649,0.004810258,0.000642095,2.28E-06,8.94E-07,1.45E-07,2.17E-05,0,0,7.54E-06,1.01E-05,4.29E-06,1.90E-06,1.53E-06,9.85E-07,6.62E-06,1.05E-05,8.00E-07,2.53E-05,3.14E-05,0.404543747,0.007491454,623.3437797,0.09209519,0.027085672,0.064849313,0.000160196,0.042617689,0.012672497,0.088999985,0.025984211,0.062862453,0.000153295,0.01115646,0.003038967,0,4.85E-05,2.79E-05,5.80E-05,2.01E-05,3.51E-06,0,0,2.37E-06,0,1.87E-06,5.08E-05,0,0.00015675,6.02E-05
Ramp,24,4.817203227,2.030979964,0.012472295,0.001433252,0.008554949,0.004648513,0.000619746,2.28E-06,8.94E-07,1.38E-07,2.09E-05,0,0,7.35E-06,9.65E-06,4.14E-06,1.86E-06,1.53E-06,9.86E-07,6.36E-06,1.02E-05,7.93E-07,2.45E-05,3.03E-05,0.390199416,0.007342472,610.8311057,0.091024966,0.0262346,0.064632866,0.000157518,0.040407369,0.012096476,0.087958869,0.025155994,0.06265211,0.000150746,0.010577845,0.002900831,0,4.68E-05,2.70E-05,5.60E-05,1.94E-05,3.38E-06,0,0,2.29E-06,0,1.81E-06,4.91E-05,0,0.000151193,5.81E-05
Ramp,25,4.731266279,2.003680134,0.012057929,0.001386872,0.008251248,0.004486769,0.000597397,2.28E-06,8.94E-07,1.32E-07,2.02E-05,0,0,7.16E-06,9.24E-06,3.99E-06,1.82E-06,1.54E-06,9.87E-07,6.10E-06,9.86E-06,7.86E-07,2.37E-05,2.92E-05,0.375855084,0.00719349,598.3184317,0.089954743,0.025383528,0.064416419,0.00015484,0.03819705,0.011520455,0.086917752,0.024327776,0.062441766,0.000148198,0.009999231,0.002762696,0,4.51E-05,2.60E-05,5.40E-05,1.87E-05,3.26E-06,0,0,2.21E-06,0,1.74E-06,4.73E-05,0,0.000145635,5.59E-05
Ramp,26,4.71017548,1.996336024,0.011814778,0.001359777,0.008056689,0.00438516,0.000582913,2.28E-06,8.94E-07,1.27E-07,1.97E-05,0,0,7.10E-06,8.93E-06,3.90E-06,1.82E-06,1.58E-06,1.01E-06,5.92E-06,9.66E-06,7.95E-07,2.33E-05,2.84E-05,0.366931026,0.007120322,591.9449232,0.089658657,0.024900613,0.064604327,0.000153745,0.03645493,0.011136439,0.086618925,0.023849237,0.062622507,0.000147165,0.009543177,0.002670607,0,4.39E-05,2.53E-05,5.28E-05,1.82E-05,3.18E-06,0,0,2.15E-06,0,1.70E-06,4.61E-05,0,0.000141983,5.45E-05
Ramp,27,4.689084681,1.988991915,0.011571628,0.001332682,0.007862129,0.004283551,0.000568428,2.28E-06,8.94E-07,1.22E-07,1.91E-05,0,0,7.03E-06,8.63E-06,3.80E-06,1.81E-06,1.62E-06,1.04E-06,5.73E-06,9.46E-06,8.04E-07,2.28E-05,2.77E-05,0.358006968,0.007047154,585.5714147,0.089362571,0.024417698,0.064792236,0.000152649,0.03471281,0.010752422,0.086320097,0.023370697,0.062803248,0.000146132,0.009087123,0.002578518,0,4.28E-05,2.47E-05,5.16E-05,1.77E-05,3.10E-06,0,0,2.10E-06,0,1.65E-06,4.49E-05,0,0.000138332,5.31E-05
Ramp,28,4.667993883,1.981647806,0.011328477,0.001305587,0.00766757,0.004181942,0.000553944,2.28E-06,8.94E-07,1.17E-07,1.86E-05,0,0,6.96E-06,8.33E-06,3.70E-06,1.80E-06,1.66E-06,1.06E-06,5.55E-06,9.26E-06,8.14E-07,2.24E-05,2.70E-05,0.34908291,0.006973986,579.1979062,0.089066485,0.023934783,0.064980144,0.000151554,0.032970691,0.010368406,0.08602127,0.022892157,0.062983989,0.000145099,0.008631069,0.002486428,0,4.17E-05,2.41E-05,5.03E-05,1.73E-05,3.01E-06,0,0,2.04E-06,0,1.61E-06,4.38E-05,0,0.00013468,5.17E-05
Ramp,29,4.646903084,1.974303697,0.011085326,0.001278492,0.00747301,0.004080332,0.00053946,2.28E-06,8.94E-07,1.13E-07,1.81E-05,0,0,6.89E-06,8.03E-06,3.61E-06,1.80E-06,1.70E-06,1.08E-06,5.37E-06,9.06E-06,8.23E-07,2.20E-05,2.63E-05,0.340158852,0.006900818,572.8243977,0.088770399,0.023451869,0.065168053,0.000150459,0.031228571,0.009984389,0.085722443,0.022413618,0.063164729,0.000144066,0.008175016,0.002394339,0,4.05E-05,2.34E-05,4.91E-05,1.68E-05,2.93E-06,0,0,1.99E-06,0,1.57E-06,4.26E-05,0,0.000131029,5.03E-05
Ramp,30,4.625812285,1.966959588,0.010842176,0.001251397,0.007278451,0.003978723,0.000524976,2.28E-06,8.94E-07,1.08E-07,1.76E-05,0,0,6.83E-06,7.72E-06,3.51E-06,1.79E-06,1.75E-06,1.11E-06,5.19E-06,8.86E-06,8.32E-07,2.15E-05,2.55E-05,0.331234794,0.00682765,566.4508892,0.088474313,0.022968954,0.065355961,0.000149363,0.029486451,0.009600373,0.085423615,0.021935078,0.06334547,0.000143033,0.007718962,0.002302249,0,3.94E-05,2.28E-05,4.78E-05,1.64E-05,2.85E-06,0,0,1.94E-06,0,1.52E-06,4.14E-05,0,0.000127377,4.89E-05
Ramp,31,4.674970391,1.943994366,0.01068655,0.001234301,0.007154754,0.003914147,0.000515733,2.28E-06,8.94E-07,1.05E-07,1.76E-05,0,0,6.97E-06,7.60E-06,3.51E-06,1.84E-06,1.86E-06,1.18E-06,5.13E-06,8.91E-06,8.72E-07,2.17E-05,2.55E-05,0.325275611,0.006755096,559.5607399,0.085604347,0.023084436,0.062373573,0.000146311,0.028115516,0.009326077,0.082611652,0.022022628,0.060448929,0.00014007,0.007360079,0.002236471,0,3.87E-05,2.24E-05,4.70E-05,1.61E-05,2.80E-06,0,0,1.90E-06,0,1.49E-06,4.07E-05,0,0.000125038,4.80E-05
Ramp,32,4.724128497,1.921029144,0.010530925,0.001217205,0.007031058,0.00384957,0.000506491,2.28E-06,8.94E-07,1.03E-07,1.75E-05,0,0,7.12E-06,7.48E-06,3.51E-06,1.89E-06,1.97E-06,1.24E-06,5.08E-06,8.95E-06,9.12E-07,2.18E-05,2.54E-05,0.319316427,0.006682542,552.6705907,0.082734382,0.023199919,0.059391185,0.000143258,0.026744581,0.009051781,0.079799688,0.022110178,0.057552388,0.000137107,0.007001197,0.002170692,0,3.79E-05,2.20E-05,4.62E-05,1.58E-05,2.75E-06,0,0,1.87E-06,0,1.47E-06,4.00E-05,0,0.0001227,4.71E-05
Ramp,33,4.773286604,1.898063922,0.0103753,0.001200109,0.006907361,0.003784994,0.000497248,2.28E-06,8.94E-07,1.00E-07,1.75E-05,0,0,7.26E-06,7.36E-06,3.51E-06,1.95E-06,2.08E-06,1.31E-06,5.02E-06,9.00E-06,9.51E-07,2.20E-05,2.53E-05,0.313357243,0.006609988,545.7804415,0.079864416,0.023315401,0.056408797,0.000140206,0.025373645,0.008777485,0.076987724,0.022197727,0.054655846,0.000134145,0.006642315,0.002104913,0,3.72E-05,2.16E-05,4.54E-05,1.55E-05,2.69E-06,0,0,1.83E-06,0,1.44E-06,3.92E-05,0,0.000120361,4.62E-05
Ramp,34,4.82244471,1.8750987,0.010219674,0.001183013,0.006783665,0.003720418,0.000488006,2.28E-06,8.94E-07,9.78E-08,1.74E-05,0,0,7.41E-06,7.24E-06,3.50E-06,2.00E-06,2.19E-06,1.38E-06,4.97E-06,9.04E-06,9.91E-07,2.21E-05,2.53E-05,0.307398059,0.006537434,538.8902922,0.076994451,0.023430884,0.053426409,0.000137153,0.02400271,0.008503189,0.07417576,0.022285277,0.051759305,0.000131182,0.006283432,0.002039134,0,3.65E-05,2.12E-05,4.46E-05,1.52E-05,2.64E-06,0,0,1.80E-06,0,1.41E-06,3.85E-05,0,0.000118022,4.53E-05
Ramp,35,4.871602816,1.852133478,0.010064049,0.001165917,0.006659968,0.003655841,0.000478763,2.28E-06,8.94E-07,9.54E-08,1.74E-05,0,0,7.55E-06,7.12E-06,3.50E-06,2.05E-06,2.30E-06,1.45E-06,4.91E-06,9.09E-06,1.03E-06,2.23E-05,2.52E-05,0.301438875,0.00646488,532.000143,0.074124485,0.023546366,0.050444021,0.000134101,0.022631775,0.008228893,0.071363797,0.022372827,0.048862764,0.000128219,0.00592455,0.001973355,0,3.58E-05,2.08E-05,4.38E-05,1.49E-05,2.59E-06,0,0,1.76E-06,0,1.38E-06,3.77E-05,0,0.000115683,4.44E-05
Ramp,36,4.91509172,1.852001329,0.009946682,0.001152996,0.006565374,0.003606664,0.00047172,2.28E-06,8.94E-07,9.28E-08,1.73E-05,0,0,7.64E-06,6.99E-06,3.48E-06,2.09E-06,2.39E-06,1.50E-06,4.85E-06,9.09E-06,1.06E-06,2.23E-05,2.51E-05,0.296998545,0.006445252,530.1193588,0.073958928,0.023562224,0.050263065,0.000133637,0.02153566,0.008023171,0.071181689,0.022369441,0.048684483,0.000127774,0.005637608,0.001924022,0,3.52E-05,2.04E-05,4.32E-05,1.47E-05,2.55E-06,0,0,1.74E-06,0,1.36E-06,3.72E-05,0,0.000113908,4.37E-05
Ramp,37,4.958580624,1.851869179,0.009829315,0.001140076,0.006470779,0.003557488,0.000464677,2.28E-06,8.94E-07,9.03E-08,1.72E-05,0,0,7.73E-06,6.85E-06,3.47E-06,2.12E-06,2.47E-06,1.55E-06,4.78E-06,9.08E-06,1.09E-06,2.23E-05,2.49E-05,0.292558214,0.006425624,528.2385745,0.073793371,0.023578081,0.050082108,0.000133173,0.020439546,0.007817448,0.070999581,0.022366055,0.048506202,0.00012733,0.005350665,0.001874688,0,3.47E-05,2.01E-05,4.26E-05,1.44E-05,2.51E-06,0,0,1.71E-06,0,1.34E-06,3.66E-05,0,0.000112132,4.30E-05
Ramp,38,5.002069528,1.85173703,0.009711947,0.001127156,0.006376185,0.003508311,0.000457635,2.28E-06,8.94E-07,8.77E-08,1.70E-05,0,0,7.82E-06,6.71E-06,3.45E-06,2.16E-06,2.56E-06,1.60E-06,4.71E-06,9.08E-06,1.12E-06,2.24E-05,2.47E-05,0.288117883,0.006405996,526.3577903,0.073627814,0.023593939,0.049901152,0.000132709,0.019343431,0.007611726,0.070817473,0.022362669,0.048327921,0.000126885,0.005063723,0.001825354,0,3.41E-05,1.98E-05,4.20E-05,1.42E-05,2.47E-06,0,0,1.68E-06,0,1.32E-06,3.60E-05,0,0.000110356,4.24E-05
Ramp,39,5.045558432,1.85160488,0.00959458,0.001114235,0.006281591,0.003459134,0.000450592,2.28E-06,8.94E-07,8.52E-08,1.69E-05,0,0,7.91E-06,6.58E-06,3.43E-06,2.19E-06,2.64E-06,1.65E-06,4.64E-06,9.08E-06,1.15E-06,2.24E-05,2.46E-05,0.283677553,0.006386368,524.4770061,0.073462257,0.023609796,0.049720195,0.000132244,0.018247316,0.007406003,0.070635366,0.022359284,0.048149641,0.00012644,0.004776781,0.00177602,0,3.36E-05,1.95E-05,4.14E-05,1.40E-05,2.43E-06,0,0,1.66E-06,0,1.30E-06,3.55E-05,0,0.00010858,4.17E-05
Ramp,40,5.089047336,1.85147273,0.009477213,0.001101315,0.006186996,0.003409958,0.000443549,2.28E-06,8.94E-07,8.27E-08,1.68E-05,0,0,8.00E-06,6.44E-06,3.41E-06,2.23E-06,2.73E-06,1.70E-06,4.57E-06,9.08E-06,1.18E-06,2.25E-05,2.44E-05,0.279237222,0.00636674,522.5962218,0.0732967,0.023625654,0.049539238,0.00013178,0.017151201,0.00720028,0.070453258,0.022355898,0.04797136,0.000125995,0.004489839,0.001726686,0,3.30E-05,1.92E-05,4.08E-05,1.38E-05,2.39E-06,0,0,1.63E-06,0,1.28E-06,3.49E-05,0,0.000106804,4.10E-05
Ramp,41,5.113540352,1.850437892,0.009379869,0.001090592,0.006112732,0.003370933,0.000438065,2.28E-06,8.94E-07,8.07E-08,1.67E-05,0,0,8.05E-06,6.33E-06,3.39E-06,2.25E-06,2.78E-06,1.74E-06,4.51E-06,9.06E-06,1.20E-06,2.24E-05,2.42E-05,0.275678567,0.006348791,520.9183389,0.07309416,0.023585592,0.049377151,0.000131386,0.016302721,0.007040274,0.070243085,0.02230506,0.047812411,0.000125618,0.004267723,0.001688315,0,3.26E-05,1.90E-05,4.04E-05,1.36E-05,2.36E-06,0,0,1.61E-06,0,1.26E-06,3.45E-05,0,0.000105435,4.05E-05
Ramp,42,5.138033368,1.849403054,0.009282525,0.00107987,0.006038469,0.003331908,0.000432582,2.28E-06,8.94E-07,7.87E-08,1.66E-05,0,0,8.09E-06,6.23E-06,3.37E-06,2.27E-06,2.84E-06,1.77E-06,4.45E-06,9.04E-06,1.21E-06,2.24E-05,2.40E-05,0.272119912,0.006330842,519.2404559,0.072891621,0.023545529,0.049215063,0.000130992,0.015454241,0.006880268,0.070032911,0.022254223,0.047653463,0.000125241,0.004045608,0.001649944,0,3.22E-05,1.87E-05,3.99E-05,1.34E-05,2.33E-06,0,0,1.59E-06,0,1.24E-06,3.40E-05,0,0.000104066,3.99E-05
Ramp,43,5.162526384,1.848368215,0.009185181,0.001069148,0.005964205,0.003292883,0.000427098,2.28E-06,8.94E-07,7.68E-08,1.65E-05,0,0,8.14E-06,6.12E-06,3.35E-06,2.29E-06,2.89E-06,1.80E-06,4.39E-06,9.01E-06,1.23E-06,2.24E-05,2.39E-05,0.268561257,0.006312893,517.562573,0.072689081,0.023505467,0.049052976,0.000130598,0.014605761,0.006720262,0.069822738,0.022203385,0.047494515,0.000124864,0.003823492,0.001611573,0,3.18E-05,1.85E-05,3.94E-05,1.32E-05,2.30E-06,0,0,1.57E-06,0,1.23E-06,3.36E-05,0,0.000102697,3.94E-05
Ramp,44,5.1870194,1.847333377,0.009087837,0.001058425,0.005889942,0.003253859,0.000421615,2.28E-06,8.94E-07,7.48E-08,1.63E-05,0,0,8.18E-06,6.01E-06,3.33E-06,2.31E-06,2.94E-06,1.83E-06,4.34E-06,8.99E-06,1.25E-06,2.24E-05,2.37E-05,0.265002602,0.006294945,515.88469,0.072486542,0.023465405,0.048890888,0.000130204,0.01375728,0.006560256,0.069612565,0.022152548,0.047335566,0.000124488,0.003601377,0.001573202,0,3.13E-05,1.82E-05,3.89E-05,1.31E-05,2.27E-06,0,0,1.55E-06,0,1.21E-06,3.31E-05,0,0.000101328,3.89E-05
Ramp,45,5.211512416,1.846298539,0.008990493,0.001047703,0.005815678,0.003214834,0.000416131,2.28E-06,8.94E-07,7.29E-08,1.62E-05,0,0,8.23E-06,5.90E-06,3.31E-06,2.33E-06,3.00E-06,1.87E-06,4.28E-06,8.97E-06,1.27E-06,2.23E-05,2.35E-05,0.261443947,0.006276996,514.2068071,0.072284002,0.023425342,0.048728801,0.00012981,0.0129088,0.006400249,0.069402391,0.022101711,0.047176618,0.000124111,0.003379261,0.001534831,0,3.09E-05,1.80E-05,3.85E-05,1.29E-05,2.24E-06,0,0,1.53E-06,0,1.19E-06,3.27E-05,0,1.00E-04,3.84E-05
Ramp,46,5.197239583,1.840058673,0.008888683,0.001036343,0.005748526,0.003178334,0.000411302,2.28E-06,8.94E-07,7.10E-08,1.60E-05,0,0,8.17E-06,5.77E-06,3.27E-06,2.31E-06,3.00E-06,1.87E-06,4.20E-06,8.87E-06,1.27E-06,2.21E-05,2.32E-05,0.258111368,0.006243661,511.0900933,0.071167384,0.023166531,0.047871909,0.000128902,0.012200817,0.006272245,0.068318389,0.021849845,0.04634535,0.000123238,0.003193926,0.001504135,0,3.05E-05,1.78E-05,3.80E-05,1.28E-05,2.21E-06,0,0,1.51E-06,0,1.18E-06,3.23E-05,0,9.88E-05,3.79E-05
Ramp,47,5.182966751,1.833818807,0.008786873,0.001024983,0.005681374,0.003141835,0.000406472,2.28E-06,8.94E-07,6.91E-08,1.58E-05,0,0,8.12E-06,5.65E-06,3.22E-06,2.30E-06,3.00E-06,1.87E-06,4.12E-06,8.77E-06,1.26E-06,2.19E-05,2.29E-05,0.25477879,0.006210325,507.9733796,0.070050766,0.02290772,0.047015018,0.000127994,0.011492834,0.00614424,0.067234386,0.021597979,0.045514083,0.000122365,0.003008591,0.001473439,0,3.02E-05,1.76E-05,3.76E-05,1.26E-05,2.18E-06,0,0,1.49E-06,0,1.17E-06,3.19E-05,0,9.76E-05,3.75E-05
Ramp,48,5.168693918,1.827578941,0.008685063,0.001013623,0.005614222,0.003105335,0.000401642,2.28E-06,8.94E-07,6.72E-08,1.55E-05,0,0,8.06E-06,5.53E-06,3.18E-06,2.29E-06,3.00E-06,1.87E-06,4.05E-06,8.67E-06,1.26E-06,2.16E-05,2.25E-05,0.251446211,0.00617699,504.8566659,0.068934148,0.022648908,0.046158127,0.000127086,0.010784851,0.006016236,0.066150384,0.021346113,0.044682815,0.000121492,0.002823256,0.001442743,0,2.98E-05,1.74E-05,3.72E-05,1.25E-05,2.16E-06,0,0,1.48E-06,0,1.15E-06,3.16E-05,0,9.65E-05,3.70E-05
Ramp,49,5.154421086,1.821339075,0.008583252,0.001002263,0.005547071,0.003068836,0.000396813,2.28E-06,8.94E-07,6.54E-08,1.53E-05,0,0,8.01E-06,5.41E-06,3.14E-06,2.28E-06,3.00E-06,1.87E-06,3.97E-06,8.57E-06,1.26E-06,2.14E-05,2.22E-05,0.248113633,0.006143655,501.7399522,0.067817529,0.022390097,0.045301235,0.000126178,0.010076868,0.005888231,0.065066381,0.021094248,0.043851548,0.000120619,0.002637921,0.001412046,0,2.95E-05,1.72E-05,3.67E-05,1.23E-05,2.13E-06,0,0,1.46E-06,0,1.14E-06,3.12E-05,0,9.53E-05,3.66E-05
Ramp,50,5.140148253,1.815099209,0.008481442,0.000990903,0.005479919,0.003032336,0.000391983,2.28E-06,8.94E-07,6.35E-08,1.51E-05,0,0,7.95E-06,5.29E-06,3.09E-06,2.27E-06,3.01E-06,1.87E-06,3.89E-06,8.46E-06,1.26E-06,2.12E-05,2.19E-05,0.244781054,0.00611032,498.6232385,0.066700911,0.022131286,0.044444344,0.00012527,0.009368885,0.005760227,0.063982379,0.020842382,0.04302028,0.000119746,0.002452586,0.00138135,0,2.91E-05,1.70E-05,3.63E-05,1.22E-05,2.11E-06,0,0,1.44E-06,0,1.13E-06,3.08E-05,0,9.41E-05,3.61E-05
Ramp,51,5.105960052,1.807695969,0.0083827,0.000979799,0.005420374,0.00299922,0.000387784,2.28E-06,8.94E-07,6.18E-08,1.47E-05,0,0,7.81E-06,5.16E-06,3.03E-06,2.23E-06,2.96E-06,1.84E-06,3.81E-06,8.29E-06,1.24E-06,2.07E-05,2.14E-05,0.241755614,0.006076196,495.398725,0.065135974,0.021688129,0.043323575,0.000124257,0.008776573,0.005655495,0.062475298,0.020421976,0.041934573,0.00011877,0.002297531,0.001356234,0,2.88E-05,1.68E-05,3.59E-05,1.20E-05,2.08E-06,0,0,1.43E-06,0,1.11E-06,3.05E-05,0,9.31E-05,3.58E-05
Ramp,52,5.071771851,1.800292728,0.008283957,0.000968696,0.00536083,0.002966104,0.000383585,2.28E-06,8.94E-07,6.01E-08,1.44E-05,0,0,7.66E-06,5.03E-06,2.96E-06,2.19E-06,2.91E-06,1.81E-06,3.72E-06,8.12E-06,1.22E-06,2.03E-05,2.09E-05,0.238730174,0.006042072,492.1742115,0.063571036,0.021244972,0.042202806,0.000123243,0.008184261,0.005550763,0.060968218,0.02000157,0.040848866,0.000117794,0.002142476,0.001331118,0,2.85E-05,1.66E-05,3.55E-05,1.19E-05,2.06E-06,0,0,1.41E-06,0,1.10E-06,3.02E-05,0,9.21E-05,3.54E-05
Ramp,53,5.03758365,1.792889488,0.008185215,0.000957592,0.005301285,0.002932988,0.000379386,2.28E-06,8.94E-07,5.84E-08,1.41E-05,0,0,7.52E-06,4.90E-06,2.90E-06,2.15E-06,2.87E-06,1.78E-06,3.63E-06,7.95E-06,1.20E-06,1.99E-05,2.05E-05,0.235704734,0.006007948,488.949698,0.062006098,0.020801815,0.041082037,0.00012223,0.007591949,0.005446031,0.059461137,0.019581164,0.039763158,0.000116818,0.001987421,0.001306002,0,2.82E-05,1.64E-05,3.51E-05,1.18E-05,2.04E-06,0,0,1.39E-06,0,1.09E-06,2.98E-05,0,9.11E-05,3.50E-05
Ramp,54,5.003395449,1.785486247,0.008086472,0.000946489,0.005241741,0.002899872,0.000375187,2.28E-06,8.94E-07,5.67E-08,1.38E-05,0,0,7.37E-06,4.77E-06,2.83E-06,2.11E-06,2.82E-06,1.75E-06,3.54E-06,7.78E-06,1.18E-06,1.95E-05,2.00E-05,0.232679294,0.005973824,485.7251845,0.060441161,0.020358658,0.039961268,0.000121216,0.006999637,0.0053413,0.057954057,0.019160759,0.038677451,0.000115842,0.001832366,0.001280886,0,2.79E-05,1.62E-05,3.47E-05,1.16E-05,2.02E-06,0,0,1.38E-06,0,1.08E-06,2.95E-05,0,9.02E-05,3.46E-05
Ramp,55,4.969207248,1.778083007,0.00798773,0.000935386,0.005182196,0.002866756,0.000370988,2.28E-06,8.94E-07,5.50E-08,1.35E-05,0,0,7.23E-06,4.65E-06,2.77E-06,2.07E-06,2.77E-06,1.72E-06,3.45E-06,7.61E-06,1.16E-06,1.91E-05,1.95E-05,0.229653853,0.0059397,482.500671,0.058876223,0.019915501,0.038840499,0.000120203,0.006407325,0.005236568,0.056446976,0.018740353,0.037591744,0.000114866,0.00167731,0.00125577,0,2.76E-05,1.61E-05,3.43E-05,1.15E-05,1.99E-06,0,0,1.36E-06,0,1.07E-06,2.92E-05,0,8.92E-05,3.42E-05
Ramp,56,4.944722305,1.775730582,0.007911781,0.000926751,0.005129914,0.002838477,0.000367209,2.28E-06,8.94E-07,5.36E-08,1.32E-05,0,0,7.12E-06,4.54E-06,2.72E-06,2.04E-06,2.74E-06,1.70E-06,3.38E-06,7.48E-06,1.14E-06,1.87E-05,1.92E-05,0.227216188,0.005921026,480.7956205,0.05808604,0.019575247,0.038390977,0.000119799,0.005997123,0.005149292,0.055687837,0.018416713,0.037156636,0.000114481,0.001569928,0.001234841,0,2.73E-05,1.59E-05,3.40E-05,1.14E-05,1.97E-06,0,0,1.35E-06,0,1.06E-06,2.89E-05,0,8.82E-05,3.39E-05
Ramp,57,4.920237363,1.773378156,0.007835833,0.000918117,0.005077631,0.002810197,0.000363431,2.28E-06,8.94E-07,5.22E-08,1.29E-05,0,0,7.01E-06,4.43E-06,2.66E-06,2.01E-06,2.71E-06,1.68E-06,3.30E-06,7.35E-06,1.13E-06,1.84E-05,1.88E-05,0.224778523,0.005902352,479.0905701,0.057295857,0.019234993,0.037941456,0.000119396,0.005586921,0.005062016,0.054928698,0.018093074,0.036721528,0.000114095,0.001462546,0.001213911,0,2.70E-05,1.57E-05,3.37E-05,1.13E-05,1.95E-06,0,0,1.34E-06,0,1.04E-06,2.86E-05,0,8.73E-05,3.35E-05
Ramp,58,4.89575242,1.771025731,0.007759885,0.000909483,0.005025349,0.002781918,0.000359652,2.28E-06,8.94E-07,5.07E-08,1.27E-05,0,0,6.91E-06,4.32E-06,2.61E-06,1.98E-06,2.68E-06,1.66E-06,3.23E-06,7.22E-06,1.11E-06,1.81E-05,1.84E-05,0.222340858,0.005883678,477.3855197,0.056505675,0.018894739,0.037491934,0.000118992,0.005176719,0.004974741,0.054169559,0.017769435,0.03628642,0.00011371,0.001355164,0.001192982,0,2.67E-05,1.56E-05,3.33E-05,1.12E-05,1.93E-06,0,0,1.32E-06,0,1.03E-06,2.83E-05,0,8.64E-05,3.32E-05
Ramp,59,4.871267478,1.768673306,0.007683937,0.000900848,0.004973066,0.002753639,0.000355874,2.28E-06,8.94E-07,4.93E-08,1.24E-05,0,0,6.80E-06,4.22E-06,2.56E-06,1.95E-06,2.65E-06,1.64E-06,3.16E-06,7.08E-06,1.10E-06,1.78E-05,1.81E-05,0.219903193,0.005865004,475.6804692,0.055715492,0.018554484,0.037042413,0.000118589,0.004766517,0.004887465,0.05341042,0.017445796,0.035851311,0.000113324,0.001247782,0.001172053,0,2.64E-05,1.54E-05,3.30E-05,1.10E-05,1.91E-06,0,0,1.31E-06,0,1.02E-06,2.80E-05,0,8.55E-05,3.28E-05
Ramp,60,4.846782535,1.766320881,0.007607988,0.000892214,0.004920784,0.00272536,0.000352095,2.28E-06,8.94E-07,4.78E-08,1.22E-05,0,0,6.69E-06,4.11E-06,2.51E-06,1.92E-06,2.61E-06,1.62E-06,3.08E-06,6.95E-06,1.08E-06,1.75E-05,1.77E-05,0.217465528,0.00584633,473.9754188,0.054925309,0.01821423,0.036592891,0.000118185,0.004356315,0.004800189,0.052651281,0.017122156,0.035416203,0.000112938,0.0011404,0.001151123,0,2.62E-05,1.52E-05,3.26E-05,1.09E-05,1.89E-06,0,0,1.29E-06,0,1.01E-06,2.77E-05,0,8.46E-05,3.25E-05
Ramp,61,4.854681206,1.780832695,0.007582465,0.000889243,0.004882729,0.002707168,0.000349082,2.28E-06,8.94E-07,4.65E-08,1.20E-05,0,0,6.62E-06,4.02E-06,2.47E-06,1.91E-06,2.60E-06,1.61E-06,3.02E-06,6.86E-06,1.08E-06,1.72E-05,1.74E-05,0.216130597,0.005876738,476.0379157,0.055084802,0.017973923,0.036991833,0.000119046,0.004093744,0.00472634,0.052808707,0.016891399,0.035803559,0.000113772,0.001071663,0.001133414,0,2.59E-05,1.51E-05,3.24E-05,1.08E-05,1.87E-06,0,0,1.28E-06,0,1.00E-06,2.74E-05,0,8.38E-05,3.22E-05
Ramp,62,4.862579877,1.795344509,0.007556942,0.000886271,0.004844675,0.002688976,0.000346068,2.28E-06,8.94E-07,4.51E-08,1.18E-05,0,0,6.55E-06,3.92E-06,2.43E-06,1.89E-06,2.59E-06,1.61E-06,2.96E-06,6.76E-06,1.07E-06,1.70E-05,1.71E-05,0.214795665,0.005907146,478.1004127,0.055244295,0.017733617,0.037390775,0.000119908,0.003831172,0.00465249,0.052966133,0.016660641,0.036190915,0.000114606,0.001002927,0.001115705,0,2.57E-05,1.50E-05,3.22E-05,1.07E-05,1.86E-06,0,0,1.27E-06,0,9.92E-07,2.72E-05,0,8.29E-05,3.18E-05
Ramp,63,4.870478547,1.809856323,0.007531419,0.0008833,0.00480662,0.002670784,0.000343054,2.28E-06,8.94E-07,4.37E-08,1.16E-05,0,0,6.49E-06,3.83E-06,2.39E-06,1.87E-06,2.58E-06,1.60E-06,2.90E-06,6.66E-06,1.06E-06,1.68E-05,1.68E-05,0.213460734,0.005937554,480.1629096,0.055403787,0.01749331,0.037789717,0.000120769,0.003568601,0.004578641,0.053123559,0.016429883,0.036578271,0.00011544,0.00093419,0.001097995,0,2.54E-05,1.48E-05,3.19E-05,1.06E-05,1.84E-06,0,0,1.26E-06,0,9.82E-07,2.69E-05,0,8.21E-05,3.15E-05
Ramp,64,4.878377218,1.824368137,0.007505896,0.000880328,0.004768566,0.002652592,0.00034004,2.28E-06,8.94E-07,4.24E-08,1.14E-05,0,0,6.42E-06,3.73E-06,2.35E-06,1.86E-06,2.56E-06,1.59E-06,2.83E-06,6.57E-06,1.06E-06,1.65E-05,1.65E-05,0.212125803,0.005967962,482.2254065,0.05556328,0.017253003,0.038188659,0.00012163,0.00330603,0.004504791,0.053280986,0.016199125,0.036965627,0.000116274,0.000865453,0.001080286,0,2.51E-05,1.47E-05,3.17E-05,1.05E-05,1.82E-06,0,0,1.25E-06,0,9.72E-07,2.67E-05,0,8.13E-05,3.12E-05
Ramp,65,4.886275889,1.838879951,0.007480373,0.000877357,0.004730512,0.002634399,0.000337026,2.28E-06,8.94E-07,4.10E-08,1.12E-05,0,0,6.35E-06,3.64E-06,2.31E-06,1.84E-06,2.55E-06,1.58E-06,2.77E-06,6.47E-06,1.05E-06,1.63E-05,1.62E-05,0.210790871,0.00599837,484.2879034,0.055722773,0.017012696,0.038587602,0.000122491,0.003043458,0.004430942,0.053438412,0.015968367,0.037352983,0.000117107,0.000796717,0.001062577,0,2.49E-05,1.46E-05,3.15E-05,1.04E-05,1.80E-06,0,0,1.24E-06,0,9.63E-07,2.64E-05,0,8.05E-05,3.09E-05
Local,5,7.447971563,1.800344691,0.021798951,0.002276068,0.008045026,0.005044124,0.000511143,2.28E-06,8.93E-07,8.34E-08,1.74E-05,0,0,8.42E-06,6.59E-06,3.54E-06,2.35E-06,2.93E-06,1.82E-06,4.70E-06,9.44E-06,1.26E-06,2.33E-05,2.53E-05,0.642695053,0.009315448,760.9531592,0.043840323,0.024316435,0.019402522,0.000121382,0.05640843,0.018718296,0.04182755,0.022984191,0.01872951,0.000113853,0.014766599,0.004488795,0,3.13E-05,2.06E-05,5.67E-05,1.44E-05,2.25E-06,0,0,1.73E-06,0,1.21E-06,3.67E-05,0,0.000102445,3.89E-05
