,base_auto_time,base_bike_time,base_fare_cost,base_fuel_cost,base_park_cost,base_toll_cost,base_transit_time,base_transit_wait,base_transit_walk,base_walk_time,build,build_auto_time,build_bike_time,build_fare_cost,build_fuel_cost,build_park_cost,build_toll_cost,build_transit_time,build_transit_wait,build_transit_walk,build_walk_time,half_tour_idx,half_tour_seg_idx,hh_id,person_idx,tour_idx,tour_purpose,trip_mode,index1,person_type,person_age,person_gender,coc_age,coc_poverty,hh_income,hh_size,hh_expansion_factor,walk_time,transit_wait_time,auto_time,bike_time,transit_time,work,park,transit_walk_time,benefit,cost,fare,toll,fuel,monetized_time
0,0.0,30,0.0,0.0,0,0.0,0,0,0,0,0,0.0,27,0.0,0.0,0.0,0.0,0.0,0.0,0.0,0,1,1,10,1,1,1,2,0,1,67,1,True,False,31539,2,10000,-0.0,-0.0,-0.0,2500.0,-0.0,1,-0.0,-0.0,2500.0,-0.0,-0.0,-0.0,-0.0,2500.0
1,0.0,30,0.0,0.0,0,0.0,0,0,0,0,0,0.0,27,0.0,0.0,0.0,0.0,0.0,0.0,0.0,0,2,1,10,1,1,1,2,1,1,67,1,True,False,31539,2,10000,-0.0,-0.0,-0.0,2500.0,-0.0,1,-0.0,-0.0,2500.0,-0.0,-0.0,-0.0,-0.0,2500.0
2,3.3,0,0.0,0.5,0,0.0,0,0,0,0,0,2.97,0,0.0,0.45,0.0,0.0,0.0,0.0,0.0,0,2,2,10,1,1,1,3,2,1,67,1,True,False,31539,2,10000,-0.0,-0.0,275.0,-0.0,-0.0,1,-0.0,-0.0,525.0,250.0,-0.0,-0.0,250.0,275.0
3,33.0,0,0.0,14.0,2,0.0,0,0,0,0,0,29.7,0,0.0,12.6,1.8,0.0,0.0,0.0,0.0,0,1,1,10,1,2,3,4,3,1,67,1,True,False,31539,2,10000,-0.0,-0.0,1650.0,-0.0,-0.0,0,1000.0,-0.0,9650.0,8000.0,-0.0,-0.0,7000.0,1650.0
4,33.0,0,0.0,14.0,0,0.0,0,0,0,0,0,29.7,0,0.0,12.6,0.0,0.0,0.0,0.0,0.0,0,2,1,10,1,2,3,3,4,1,67,1,True,False,31539,2,10000,-0.0,-0.0,1650.0,-0.0,-0.0,0,-0.0,-0.0,8650.0,7000.0,-0.0,-0.0,7000.0,1650.0
5,3.3,0,0.0,0.5,0,0.0,0,0,0,0,0,2.97,0,0.0,0.45,0.0,0.0,0.0,0.0,0.0,0,2,2,10,1,2,3,4,5,1,67,1,True,False,31539,2,10000,-0.0,-0.0,165.0,-0.0,-0.0,0,-0.0,-0.0,415.0,250.0,-0.0,-0.0,250.0,165.0
14,37.4,0,0.0,16.0,0,0.0,0,0,0,0,0,33.66,0,0.0,14.4,0.0,0.0,0.0,0.0,0.0,0,1,1,20,1,1,5,3,6,1,54,2,False,False,182927,2,10000,-0.0,-0.0,1870.0,-0.0,-0.0,0,-0.0,-0.0,9870.0,8000.0,-0.0,-0.0,8000.0,1870.0
15,3.3,0,0.0,0.5,0,1.5,0,0,0,0,0,2.97,0,0.0,0.45,0.0,1.35,0.0,0.0,0.0,0,1,2,20,1,1,5,3,7,1,54,2,False,False,182927,2,10000,-0.0,-0.0,165.0,-0.0,-0.0,0,-0.0,-0.0,1165.0,1000.0,-0.0,750.0,250.0,165.0
16,37.4,0,0.0,16.0,0,0.0,0,0,0,0,0,33.66,0,0.0,14.4,0.0,0.0,0.0,0.0,0.0,0,2,1,20,1,1,5,3,8,1,54,2,False,False,182927,2,10000,-0.0,-0.0,1870.0,-0.0,-0.0,0,-0.0,-0.0,9870.0,8000.0,-0.0,-0.0,8000.0,1870.0
17,3.3,0,0.0,0.5,0,0.0,0,0,0,0,0,2.97,0,0.0,0.45,0.0,0.0,0.0,0.0,0.0,0,2,2,20,1,1,5,3,9,1,54,2,False,False,182927,2,10000,-0.0,-0.0,165.0,-0.0,-0.0,0,-0.0,-0.0,415.0,250.0,-0.0,-0.0,250.0,165.0
22,3.3,0,0.0,0.5,0,0.0,0,0,0,0,0,2.97,0,0.0,0.45,0.0,0.0,0.0,0.0,0.0,0,1,1,20,2,1,6,4,10,3,65,1,False,False,182927,2,10000,-0.0,-0.0,165.0,-0.0,-0.0,0,-0.0,-0.0,415.0,250.0,-0.0,-0.0,250.0,165.0
23,3.3,0,0.0,0.5,0,0.0,0,0,0,0,0,2.97,0,0.0,0.45,0.0,0.0,0.0,0.0,0.0,0,2,1,20,2,1,6,4,11,3,65,1,False,False,182927,2,10000,-0.0,-0.0,165.0,-0.0,-0.0,0,-0.0,-0.0,415.0,250.0,-0.0,-0.0,250.0,165.0
26,19.8,0,0.0,8.0,0,0.0,0,0,0,0,0,17.82,0,0.0,7.2,0.0,0.0,0.0,0.0,0.0,0,1,1,40,1,1,1,3,12,1,40,1,False,False,128014,6,10000,-0.0,-0.0,1650.0,-0.0,-0.0,1,-0.0,-0.0,5650.0,4000.0,-0.0,-0.0,4000.0,1650.0
27,3.3,0,0.0,0.5,0,0.0,0,0,0,0,0,2.97,0,0.0,0.45,0.0,0.0,0.0,0.0,0.0,0,1,2,40,1,1,1,3,13,1,40,1,False,False,128014,6,10000,-0.0,-0.0,275.0,-0.0,-0.0,1,-0.0,-0.0,525.0,250.0,-0.0,-0.0,250.0,275.0
28,19.8,0,0.0,8.0,0,0.0,0,0,0,0,0,17.82,0,0.0,7.2,0.0,0.0,0.0,0.0,0.0,0,2,1,40,1,1,1,3,14,1,40,1,False,False,128014,6,10000,-0.0,-0.0,1650.0,-0.0,-0.0,1,-0.0,-0.0,5650.0,4000.0,-0.0,-0.0,4000.0,1650.0
29,3.3,0,0.0,0.5,0,0.0,0,0,0,0,0,2.97,0,0.0,0.45,0.0,0.0,0.0,0.0,0.0,0,2,2,40,1,1,1,3,15,1,40,1,False,False,128014,6,10000,-0.0,-0.0,275.0,-0.0,-0.0,1,-0.0,-0.0,525.0,250.0,-0.0,-0.0,250.0,275.0
30,3.3,0,0.0,0.5,0,0.0,0,0,0,0,0,2.97,0,0.0,0.45,0.0,0.0,0.0,0.0,0.0,0,2,3,40,1,1,1,3,16,1,40,1,False,False,128014,6,10000,-0.0,-0.0,275.0,-0.0,-0.0,1,-0.0,-0.0,525.0,250.0,-0.0,-0.0,250.0,275.0
36,28.6,0,0.0,12.0,0,0.0,0,0,0,0,0,25.74,0,0.0,10.8,0.0,0.0,0.0,0.0,0.0,0,1,1,40,2,1,1,4,17,1,35,2,False,False,128014,6,10000,-0.0,-0.0,2383.33333333,-0.0,-0.0,1,-0.0,-0.0,8383.33333333,6000.0,-0.0,-0.0,6000.0,2383.33333333
37,3.3,0,0.0,0.5,0,0.0,0,0,0,0,0,2.97,0,0.0,0.45,0.0,0.0,0.0,0.0,0.0,0,1,2,40,2,1,1,3,18,1,35,2,False,False,128014,6,10000,-0.0,-0.0,275.0,-0.0,-0.0,1,-0.0,-0.0,525.0,250.0,-0.0,-0.0,250.0,275.0
38,28.6,0,0.0,12.0,0,0.0,0,0,0,0,0,25.74,0,0.0,10.8,0.0,0.0,0.0,0.0,0.0,0,2,1,40,2,1,1,3,19,1,35,2,False,False,128014,6,10000,-0.0,-0.0,2383.33333333,-0.0,-0.0,1,-0.0,-0.0,8383.33333333,6000.0,-0.0,-0.0,6000.0,2383.33333333
44,3.3,0,0.0,0.5,0,0.0,0,0,0,0,0,2.97,0,0.0,0.45,0.0,0.0,0.0,0.0,0.0,0,1,1,40,3,1,3,5,20,8,2,2,False,False,128014,6,10000,-0.0,-0.0,165.0,-0.0,-0.0,0,-0.0,-0.0,415.0,250.0,-0.0,-0.0,250.0,165.0
45,3.3,0,0.0,0.5,0,0.0,0,0,0,0,0,2.97,0,0.0,0.45,0.0,0.0,0.0,0.0,0.0,0,1,2,40,3,1,3,5,21,8,2,2,False,False,128014,6,10000,-0.0,-0.0,165.0,-0.0,-0.0,0,-0.0,-0.0,415.0,250.0,-0.0,-0.0,250.0,165.0
46,3.3,0,0.0,0.5,0,0.0,0,0,0,0,0,2.97,0,0.0,0.45,0.0,0.0,0.0,0.0,0.0,0,2,1,40,3,1,3,4,22,8,2,2,False,False,128014,6,10000,-0.0,-0.0,165.0,-0.0,-0.0,0,-0.0,-0.0,415.0,250.0,-0.0,-0.0,250.0,165.0
47,3.3,0,0.0,0.5,0,0.0,0,0,0,0,0,2.97,0,0.0,0.45,0.0,0.0,0.0,0.0,0.0,0,2,2,40,3,1,3,5,23,8,2,2,False,False,128014,6,10000,-0.0,-0.0,165.0,-0.0,-0.0,0,-0.0,-0.0,415.0,250.0,-0.0,-0.0,250.0,165.0
52,11.0,0,0.0,4.0,0,0.0,0,0,0,0,0,9.9,0,0.0,3.6,0.0,0.0,0.0,0.0,0.0,0,1,1,40,4,1,4,4,24,8,2,2,False,False,128014,6,10000,-0.0,-0.0,550.0,-0.0,-0.0,0,-0.0,-0.0,2550.0,2000.0,-0.0,-0.0,2000.0,550.0
53,11.0,0,0.0,4.0,0,0.0,0,0,0,0,0,9.9,0,0.0,3.6,0.0,0.0,0.0,0.0,0.0,0,2,1,40,4,1,4,4,25,8,2,2,False,False,128014,6,10000,-0.0,-0.0,550.0,-0.0,-0.0,0,-0.0,-0.0,2550.0,2000.0,-0.0,-0.0,2000.0,550.0
56,11.0,0,0.0,12.0,3,0.0,0,0,0,0,0,9.9,0,0.0,10.8,2.7,0.0,0.0,0.0,0.0,0,1,1,40,5,1,3,5,26,2,70,1,True,False,128014,6,10000,-0.0,-0.0,550.0,-0.0,-0.0,0,1500.0,-0.0,8050.0,7500.0,-0.0,-0.0,6000.0,550.0
57,11.0,0,0.0,12.0,0,0.0,0,0,0,0,0,9.9,0,0.0,10.8,0.0,0.0,0.0,0.0,0.0,0,2,1,40,5,1,3,3,27,2,70,1,True,False,128014,6,10000,-0.0,-0.0,550.0,-0.0,-0.0,0,-0.0,-0.0,6550.0,6000.0,-0.0,-0.0,6000.0,550.0
58,3.3,0,0.0,0.5,0,0.0,0,0,0,0,0,2.97,0,0.0,0.45,0.0,0.0,0.0,0.0,0.0,0,2,2,40,5,1,3,3,28,2,70,1,True,False,128014,6,10000,-0.0,-0.0,165.0,-0.0,-0.0,0,-0.0,-0.0,415.0,250.0,-0.0,-0.0,250.0,165.0
59,3.3,0,0.0,0.5,0,0.0,0,0,0,0,0,2.97,0,0.0,0.45,0.0,0.0,0.0,0.0,0.0,0,2,3,40,5,1,3,5,29,2,70,1,True,False,128014,6,10000,-0.0,-0.0,165.0,-0.0,-0.0,0,-0.0,-0.0,415.0,250.0,-0.0,-0.0,250.0,165.0
60,3.3,0,0.0,0.5,0,0.0,0,0,0,0,0,2.97,0,0.0,0.45,0.0,0.0,0.0,0.0,0.0,0,1,1,40,5,2,4,4,30,2,70,1,True,False,128014,6,10000,-0.0,-0.0,165.0,-0.0,-0.0,0,-0.0,-0.0,415.0,250.0,-0.0,-0.0,250.0,165.0
61,3.3,0,0.0,0.5,0,0.0,0,0,0,0,0,2.97,0,0.0,0.45,0.0,0.0,0.0,0.0,0.0,0,2,1,40,5,2,4,4,31,2,70,1,True,False,128014,6,10000,-0.0,-0.0,165.0,-0.0,-0.0,0,-0.0,-0.0,415.0,250.0,-0.0,-0.0,250.0,165.0
62,11.0,0,0.0,4.0,0,0.0,0,0,0,0,0,9.9,0,0.0,3.6,0.0,0.0,0.0,0.0,0.0,0,1,1,40,5,3,5,4,32,2,70,1,True,False,128014,6,10000,-0.0,-0.0,550.0,-0.0,-0.0,0,-0.0,-0.0,2550.0,2000.0,-0.0,-0.0,2000.0,550.0
63,11.0,0,0.0,4.0,0,0.0,0,0,0,0,0,9.9,0,0.0,3.6,0.0,0.0,0.0,0.0,0.0,0,2,1,40,5,3,5,4,33,2,70,1,True,False,128014,6,10000,-0.0,-0.0,550.0,-0.0,-0.0,0,-0.0,-0.0,2550.0,2000.0,-0.0,-0.0,2000.0,550.0
72,11.0,0,0.0,4.0,0,0.0,0,0,0,0,0,9.9,0,0.0,3.6,0.0,0.0,0.0,0.0,0.0,0,1,1,40,6,1,7,4,34,4,64,2,False,False,128014,6,10000,-0.0,-0.0,550.0,-0.0,-0.0,0,-0.0,-0.0,2550.0,2000.0,-0.0,-0.0,2000.0,550.0
73,3.3,0,0.0,0.5,0,0.0,0,0,0,0,0,2.97,0,0.0,0.45,0.0,0.0,0.0,0.0,0.0,0,1,2,40,6,1,7,3,35,4,64,2,False,False,128014,6,10000,-0.0,-0.0,165.0,-0.0,-0.0,0,-0.0,-0.0,415.0,250.0,-0.0,-0.0,250.0,165.0
74,11.0,0,0.0,4.0,0,0.0,0,0,0,0,0,9.9,0,0.0,3.6,0.0,0.0,0.0,0.0,0.0,0,2,1,40,6,1,7,4,36,4,64,2,False,False,128014,6,10000,-0.0,-0.0,550.0,-0.0,-0.0,0,-0.0,-0.0,2550.0,2000.0,-0.0,-0.0,2000.0,550.0
75,3.3,0,0.0,0.5,0,0.0,0,0,0,0,0,2.97,0,0.0,0.45,0.0,0.0,0.0,0.0,0.0,0,2,2,40,6,1,7,4,37,4,64,2,False,False,128014,6,10000,-0.0,-0.0,165.0,-0.0,-0.0,0,-0.0,-0.0,415.0,250.0,-0.0,-0.0,250.0,165.0
76,3.3,0,0.0,0.5,0,0.0,0,0,0,0,0,2.97,0,0.0,0.45,0.0,0.0,0.0,0.0,0.0,0,1,1,40,6,2,7,5,38,4,64,2,False,False,128014,6,10000,-0.0,-0.0,165.0,-0.0,-0.0,0,-0.0,-0.0,415.0,250.0,-0.0,-0.0,250.0,165.0
77,3.3,0,0.0,0.5,0,0.0,0,0,0,0,0,2.97,0,0.0,0.45,0.0,0.0,0.0,0.0,0.0,0,1,2,40,6,2,7,5,39,4,64,2,False,False,128014,6,10000,-0.0,-0.0,165.0,-0.0,-0.0,0,-0.0,-0.0,415.0,250.0,-0.0,-0.0,250.0,165.0
78,3.3,0,0.0,0.5,0,0.0,0,0,0,0,0,2.97,0,0.0,0.45,0.0,0.0,0.0,0.0,0.0,0,2,1,40,6,2,7,5,40,4,64,2,False,False,128014,6,10000,-0.0,-0.0,165.0,-0.0,-0.0,0,-0.0,-0.0,415.0,250.0,-0.0,-0.0,250.0,165.0
86,6.6,0,0.0,2.0,0,0.0,0,0,0,0,0,5.94,0,0.0,1.8,0.0,0.0,0.0,0.0,0.0,0,1,1,50,1,1,6,5,41,4,55,2,False,False,22352,3,10000,-0.0,-0.0,330.0,-0.0,-0.0,0,-0.0,-0.0,1330.0,1000.0,-0.0,-0.0,1000.0,330.0
87,6.6,0,0.0,2.0,0,0.0,0,0,0,0,0,5.94,0,0.0,1.8,0.0,0.0,0.0,0.0,0.0,0,2,1,50,1,1,6,5,42,4,55,2,False,False,22352,3,10000,-0.0,-0.0,330.0,-0.0,-0.0,0,-0.0,-0.0,1330.0,1000.0,-0.0,-0.0,1000.0,330.0
88,3.3,0,0.0,0.5,0,0.0,0,0,0,0,0,2.97,0,0.0,0.45,0.0,0.0,0.0,0.0,0.0,0,2,2,50,1,1,6,4,43,4,55,2,False,False,22352,3,10000,-0.0,-0.0,165.0,-0.0,-0.0,0,-0.0,-0.0,415.0,250.0,-0.0,-0.0,250.0,165.0
92,6.6,0,0.0,2.0,0,0.0,0,0,0,0,0,5.94,0,0.0,1.8,0.0,0.0,0.0,0.0,0.0,0,1,1,50,2,1,1,5,44,1,26,2,False,False,22352,3,10000,-0.0,-0.0,550.0,-0.0,-0.0,1,-0.0,-0.0,1550.0,1000.0,-0.0,-0.0,1000.0,550.0
93,6.6,0,0.0,2.0,0,0.0,0,0,0,0,0,5.94,0,0.0,1.8,0.0,0.0,0.0,0.0,0.0,0,2,1,50,2,1,1,5,45,1,26,2,False,False,22352,3,10000,-0.0,-0.0,550.0,-0.0,-0.0,1,-0.0,-0.0,1550.0,1000.0,-0.0,-0.0,1000.0,550.0
94,3.3,0,0.0,0.5,0,0.0,0,0,0,0,0,2.97,0,0.0,0.45,0.0,0.0,0.0,0.0,0.0,0,2,2,50,2,1,1,5,46,1,26,2,False,False,22352,3,10000,-0.0,-0.0,275.0,-0.0,-0.0,1,-0.0,-0.0,525.0,250.0,-0.0,-0.0,250.0,275.0
95,6.6,0,0.0,2.0,0,0.0,0,0,0,0,0,5.94,0,0.0,1.8,0.0,0.0,0.0,0.0,0.0,0,1,1,50,2,2,1,3,47,1,26,2,False,False,22352,3,10000,-0.0,-0.0,550.0,-0.0,-0.0,1,-0.0,-0.0,1550.0,1000.0,-0.0,-0.0,1000.0,550.0
96,3.3,0,0.0,0.5,0,0.0,0,0,0,0,0,2.97,0,0.0,0.45,0.0,0.0,0.0,0.0,0.0,0,1,2,50,2,2,1,5,48,1,26,2,False,False,22352,3,10000,-0.0,-0.0,275.0,-0.0,-0.0,1,-0.0,-0.0,525.0,250.0,-0.0,-0.0,250.0,275.0
97,3.3,0,0.0,0.5,0,0.0,0,0,0,0,0,2.97,0,0.0,0.45,0.0,0.0,0.0,0.0,0.0,0,1,3,50,2,2,1,5,49,1,26,2,False,False,22352,3,10000,-0.0,-0.0,275.0,-0.0,-0.0,1,-0.0,-0.0,525.0,250.0,-0.0,-0.0,250.0,275.0
98,3.3,0,0.0,0.5,0,0.0,0,0,0,0,0,2.97,0,0.0,0.45,0.0,0.0,0.0,0.0,0.0,0,1,4,50,2,2,1,5,50,1,26,2,False,False,22352,3,10000,-0.0,-0.0,275.0,-0.0,-0.0,1,-0.0,-0.0,525.0,250.0,-0.0,-0.0,250.0,275.0
99,6.6,0,0.0,2.0,2,0.0,0,0,0,0,0,5.94,0,0.0,1.8,1.8,0.0,0.0,0.0,0.0,0,2,1,50,2,2,1,5,51,1,26,2,False,False,22352,3,10000,-0.0,-0.0,550.0,-0.0,-0.0,1,1000.0,-0.0,2550.0,2000.0,-0.0,-0.0,1000.0,550.0
108,6.6,0,0.0,2.0,0,0.0,0,0,0,0,0,5.94,0,0.0,1.8,0.0,0.0,0.0,0.0,0.0,0,1,1,50,3,1,2,5,52,7,5,2,False,False,22352,3,10000,-0.0,-0.0,330.0,-0.0,-0.0,0,-0.0,-0.0,1330.0,1000.0,-0.0,-0.0,1000.0,330.0
109,6.6,0,0.0,2.0,0,0.0,0,0,0,0,0,5.94,0,0.0,1.8,0.0,0.0,0.0,0.0,0.0,0,2,1,50,3,1,2,5,53,7,5,2,False,False,22352,3,10000,-0.0,-0.0,330.0,-0.0,-0.0,0,-0.0,-0.0,1330.0,1000.0,-0.0,-0.0,1000.0,330.0
110,15.4,0,0.0,6.0,0,0.0,0,0,0,0,0,13.86,0,0.0,5.4,0.0,0.0,0.0,0.0,0.0,0,1,1,50,3,2,5,5,54,7,5,2,False,False,22352,3,10000,-0.0,-0.0,770.0,-0.0,-0.0,0,-0.0,-0.0,3770.0,3000.0,-0.0,-0.0,3000.0,770.0
111,15.4,0,0.0,6.0,0,0.0,0,0,0,0,0,13.86,0,0.0,5.4,0.0,0.0,0.0,0.0,0.0,0,2,1,50,3,2,5,5,55,7,5,2,False,False,22352,3,10000,-0.0,-0.0,770.0,-0.0,-0.0,0,-0.0,-0.0,3770.0,3000.0,-0.0,-0.0,3000.0,770.0
116,19.8,0,0.0,8.0,0,0.0,0,0,0,0,0,17.82,0,0.0,7.2,0.0,0.0,0.0,0.0,0.0,0,1,1,60,1,1,1,3,56,1,58,2,False,False,69714,2,10000,-0.0,-0.0,1650.0,-0.0,-0.0,1,-0.0,-0.0,5650.0,4000.0,-0.0,-0.0,4000.0,1650.0
117,19.8,0,0.0,8.0,0,0.0,0,0,0,0,0,17.82,0,0.0,7.2,0.0,0.0,0.0,0.0,0.0,0,2,1,60,1,1,1,3,57,1,58,2,False,False,69714,2,10000,-0.0,-0.0,1650.0,-0.0,-0.0,1,-0.0,-0.0,5650.0,4000.0,-0.0,-0.0,4000.0,1650.0
118,3.3,0,0.0,0.5,0,0.0,0,0,0,0,0,2.97,0,0.0,0.45,0.0,0.0,0.0,0.0,0.0,0,2,2,60,1,1,1,3,58,1,58,2,False,False,69714,2,10000,-0.0,-0.0,275.0,-0.0,-0.0,1,-0.0,-0.0,525.0,250.0,-0.0,-0.0,250.0,275.0
119,3.3,0,0.0,0.5,0,0.0,0,0,0,0,0,2.97,0,0.0,0.45,0.0,0.0,0.0,0.0,0.0,0,2,3,60,1,1,1,3,59,1,58,2,False,False,69714,2,10000,-0.0,-0.0,275.0,-0.0,-0.0,1,-0.0,-0.0,525.0,250.0,-0.0,-0.0,250.0,275.0
120,3.3,0,0.0,0.5,0,0.0,0,0,0,0,0,2.97,0,0.0,0.45,0.0,0.0,0.0,0.0,0.0,0,2,4,60,1,1,1,3,60,1,58,2,False,False,69714,2,10000,-0.0,-0.0,275.0,-0.0,-0.0,1,-0.0,-0.0,525.0,250.0,-0.0,-0.0,250.0,275.0
121,19.8,0,0.0,8.0,0,0.0,0,0,0,0,0,17.82,0,0.0,7.2,0.0,0.0,0.0,0.0,0.0,0,1,1,60,1,2,7,3,61,1,58,2,False,False,69714,2,10000,-0.0,-0.0,990.0,-0.0,-0.0,0,-0.0,-0.0,4990.0,4000.0,-0.0,-0.0,4000.0,990.0
122,19.8,0,0.0,8.0,0,0.0,0,0,0,0,0,17.82,0,0.0,7.2,0.0,0.0,0.0,0.0,0.0,0,2,1,60,1,2,7,3,62,1,58,2,False,False,69714,2,10000,-0.0,-0.0,990.0,-0.0,-0.0,0,-0.0,-0.0,4990.0,4000.0,-0.0,-0.0,4000.0,990.0
130,11.0,0,0.0,4.0,0,0.0,0,0,0,0,0,9.9,0,0.0,3.6,0.0,0.0,0.0,0.0,0.0,0,1,1,60,2,1,5,4,63,2,71,2,True,False,69714,2,10000,-0.0,-0.0,550.0,-0.0,-0.0,0,-0.0,-0.0,2550.0,2000.0,-0.0,-0.0,2000.0,550.0
131,11.0,0,0.0,4.0,0,0.0,0,0,0,0,0,9.9,0,0.0,3.6,0.0,0.0,0.0,0.0,0.0,0,2,1,60,2,1,5,4,64,2,71,2,True,False,69714,2,10000,-0.0,-0.0,550.0,-0.0,-0.0,0,-0.0,-0.0,2550.0,2000.0,-0.0,-0.0,2000.0,550.0
134,24.2,0,0.0,10.0,0,0.0,0,0,0,0,0,21.78,0,0.0,9.0,0.0,0.0,0.0,0.0,0.0,0,1,1,70,1,1,1,3,65,1,65,1,False,False,115675,3,10000,-0.0,-0.0,2016.66666667,-0.0,-0.0,1,-0.0,-0.0,7016.66666667,5000.0,-0.0,-0.0,5000.0,2016.66666667
135,24.2,0,0.0,10.0,0,0.0,0,0,0,0,0,21.78,0,0.0,9.0,0.0,0.0,0.0,0.0,0.0,0,2,1,70,1,1,1,3,66,1,65,1,False,False,115675,3,10000,-0.0,-0.0,2016.66666667,-0.0,-0.0,1,-0.0,-0.0,7016.66666667,5000.0,-0.0,-0.0,5000.0,2016.66666667
138,6.6,0,0.0,2.0,0,0.0,0,0,0,0,0,5.94,0,0.0,1.8,0.0,0.0,0.0,0.0,0.0,0,1,1,70,2,1,1,3,67,1,64,2,False,False,115675,3,10000,-0.0,-0.0,550.0,-0.0,-0.0,1,-0.0,-0.0,1550.0,1000.0,-0.0,-0.0,1000.0,550.0
139,6.6,0,0.0,2.0,0,0.0,0,0,0,0,0,5.94,0,0.0,1.8,0.0,0.0,0.0,0.0,0.0,0,2,1,70,2,1,1,3,68,1,64,2,False,False,115675,3,10000,-0.0,-0.0,550.0,-0.0,-0.0,1,-0.0,-0.0,1550.0,1000.0,-0.0,-0.0,1000.0,550.0
142,24.2,0,0.0,10.0,4,0.0,0,0,0,0,0,21.78,0,0.0,9.0,3.6,0.0,0.0,0.0,0.0,0,1,1,70,3,1,2,5,69,7,6,2,False,False,115675,3,10000,-0.0,-0.0,1210.0,-0.0,-0.0,0,2000.0,-0.0,8210.0,7000.0,-0.0,-0.0,5000.0,1210.0
143,3.3,0,0.0,0.5,0,0.0,0,0,0,0,0,2.97,0,0.0,0.45,0.0,0.0,0.0,0.0,0.0,0,1,2,70,3,1,2,4,70,7,6,2,False,False,115675,3,10000,-0.0,-0.0,165.0,-0.0,-0.0,0,-0.0,-0.0,415.0,250.0,-0.0,-0.0,250.0,165.0
144,24.2,0,0.0,10.0,0,3.0,0,0,0,0,0,21.78,0,0.0,9.0,0.0,2.7,0.0,0.0,0.0,0,2,1,70,3,1,2,5,71,7,6,2,False,False,115675,3,10000,-0.0,-0.0,1210.0,-0.0,-0.0,0,-0.0,-0.0,7710.0,6500.0,-0.0,1500.0,5000.0,1210.0
148,28.6,0,0.0,12.0,0,0.0,0,0,0,0,0,25.74,0,0.0,10.8,0.0,0.0,0.0,0.0,0.0,0,1,1,80,1,1,3,5,72,2,47,2,False,True,10681,4,10000,-0.0,-0.0,1430.0,-0.0,-0.0,0,-0.0,-0.0,7430.0,6000.0,-0.0,-0.0,6000.0,1430.0
149,28.6,0,0.0,12.0,0,0.0,0,0,0,0,0,25.74,0,0.0,10.8,0.0,0.0,0.0,0.0,0.0,0,2,1,80,1,1,3,3,73,2,47,2,False,True,10681,4,10000,-0.0,-0.0,1430.0,-0.0,-0.0,0,-0.0,-0.0,7430.0,6000.0,-0.0,-0.0,6000.0,1430.0
150,3.3,0,0.0,0.5,0,0.0,0,0,0,0,0,2.97,0,0.0,0.45,0.0,0.0,0.0,0.0,0.0,0,1,1,80,1,2,3,3,74,2,47,2,False,True,10681,4,10000,-0.0,-0.0,165.0,-0.0,-0.0,0,-0.0,-0.0,415.0,250.0,-0.0,-0.0,250.0,165.0
151,3.3,0,0.0,0.5,0,0.0,0,0,0,0,0,2.97,0,0.0,0.45,0.0,0.0,0.0,0.0,0.0,0,2,1,80,1,2,3,3,75,2,47,2,False,True,10681,4,10000,-0.0,-0.0,165.0,-0.0,-0.0,0,-0.0,-0.0,415.0,250.0,-0.0,-0.0,250.0,165.0
152,3.3,0,0.0,0.5,0,0.0,0,0,0,0,0,2.97,0,0.0,0.45,0.0,0.0,0.0,0.0,0.0,0,2,2,80,1,2,3,3,76,2,47,2,False,True,10681,4,10000,-0.0,-0.0,165.0,-0.0,-0.0,0,-0.0,-0.0,415.0,250.0,-0.0,-0.0,250.0,165.0
153,19.8,0,0.0,8.0,0,0.0,0,0,0,0,0,17.82,0,0.0,7.2,0.0,0.0,0.0,0.0,0.0,0,1,1,80,1,3,3,5,77,2,47,2,False,True,10681,4,10000,-0.0,-0.0,990.0,-0.0,-0.0,0,-0.0,-0.0,4990.0,4000.0,-0.0,-0.0,4000.0,990.0
154,19.8,0,0.0,8.0,0,0.0,0,0,0,0,0,17.82,0,0.0,7.2,0.0,0.0,0.0,0.0,0.0,0,2,1,80,1,3,3,4,78,2,47,2,False,True,10681,4,10000,-0.0,-0.0,990.0,-0.0,-0.0,0,-0.0,-0.0,4990.0,4000.0,-0.0,-0.0,4000.0,990.0
162,11.0,0,0.0,4.0,0,0.0,0,0,0,0,0,9.9,0,0.0,3.6,0.0,0.0,0.0,0.0,0.0,0,1,1,80,2,1,4,3,79,4,48,1,False,True,10681,4,10000,-0.0,-0.0,550.0,-0.0,-0.0,0,-0.0,-0.0,2550.0,2000.0,-0.0,-0.0,2000.0,550.0
163,3.3,0,0.0,0.5,0,0.0,0,0,0,0,0,2.97,0,0.0,0.45,0.0,0.0,0.0,0.0,0.0,0,1,2,80,2,1,4,3,80,4,48,1,False,True,10681,4,10000,-0.0,-0.0,165.0,-0.0,-0.0,0,-0.0,-0.0,415.0,250.0,-0.0,-0.0,250.0,165.0
164,11.0,0,0.0,4.0,0,0.0,0,0,0,0,0,9.9,0,0.0,3.6,0.0,0.0,0.0,0.0,0.0,0,2,1,80,2,1,4,3,81,4,48,1,False,True,10681,4,10000,-0.0,-0.0,550.0,-0.0,-0.0,0,-0.0,-0.0,2550.0,2000.0,-0.0,-0.0,2000.0,550.0
165,0.0,0,2.0,0.0,0,0.0,15,5,8,0,0,0.0,0,1.8,0.0,0.0,0.0,13.5,4.5,7.2,0,1,1,80,2,2,7,6,82,4,48,1,False,True,10681,4,10000,-0.0,375.0,-0.0,-0.0,750.0,0,-0.0,600.0,2725.0,1000.0,1000.0,-0.0,-0.0,1725.0
166,0.0,0,2.0,0.0,0,0.0,15,5,8,0,0,0.0,0,1.8,0.0,0.0,0.0,13.5,4.5,7.2,0,2,1,80,2,2,7,6,83,4,48,1,False,True,10681,4,10000,-0.0,375.0,-0.0,-0.0,750.0,0,-0.0,600.0,2725.0,1000.0,1000.0,-0.0,-0.0,1725.0
172,28.6,0,0.0,12.0,0,0.0,0,0,0,0,0,25.74,0,0.0,10.8,0.0,0.0,0.0,0.0,0.0,0,1,1,80,3,1,2,5,84,7,14,2,False,True,10681,4,10000,-0.0,-0.0,1430.0,-0.0,-0.0,0,-0.0,-0.0,7430.0,6000.0,-0.0,-0.0,6000.0,1430.0
173,28.6,0,0.0,12.0,0,0.0,0,0,0,0,0,25.74,0,0.0,10.8,0.0,0.0,0.0,0.0,0.0,0,2,1,80,3,1,2,5,85,7,14,2,False,True,10681,4,10000,-0.0,-0.0,1430.0,-0.0,-0.0,0,-0.0,-0.0,7430.0,6000.0,-0.0,-0.0,6000.0,1430.0
176,26.4,0,0.0,4.0,0,0.0,0,0,0,0,0,23.76,0,0.0,3.6,0.0,0.0,0.0,0.0,0.0,0,1,1,80,4,1,2,8,86,7,10,2,False,True,10681,4,10000,-0.0,-0.0,1320.0,-0.0,-0.0,0,-0.0,-0.0,3320.0,2000.0,-0.0,-0.0,2000.0,1320.0
177,26.4,0,0.0,4.0,0,0.0,0,0,0,0,0,23.76,0,0.0,3.6,0.0,0.0,0.0,0.0,0.0,0,2,1,80,4,1,2,8,87,7,10,2,False,True,10681,4,10000,-0.0,-0.0,1320.0,-0.0,-0.0,0,-0.0,-0.0,3320.0,2000.0,-0.0,-0.0,2000.0,1320.0
180,15.4,0,0.0,6.0,0,0.0,0,0,0,0,0,13.86,0,0.0,5.4,0.0,0.0,0.0,0.0,0.0,0,1,1,90,1,1,1,3,88,2,37,2,False,False,60433,5,10000,-0.0,-0.0,1283.33333333,-0.0,-0.0,1,-0.0,-0.0,4283.33333333,3000.0,-0.0,-0.0,3000.0,1283.33333333
181,15.4,0,0.0,6.0,0,0.0,0,0,0,0,0,13.86,0,0.0,5.4,0.0,0.0,0.0,0.0,0.0,0,2,1,90,1,1,1,3,89,2,37,2,False,False,60433,5,10000,-0.0,-0.0,1283.33333333,-0.0,-0.0,1,-0.0,-0.0,4283.33333333,3000.0,-0.0,-0.0,3000.0,1283.33333333
182,3.3,0,0.0,0.5,0,0.0,0,0,0,0,0,2.97,0,0.0,0.45,0.0,0.0,0.0,0.0,0.0,0,2,2,90,1,1,1,3,90,2,37,2,False,False,60433,5,10000,-0.0,-0.0,275.0,-0.0,-0.0,1,-0.0,-0.0,525.0,250.0,-0.0,-0.0,250.0,275.0
183,15.4,0,0.0,6.0,0,0.0,0,0,0,0,0,13.86,0,0.0,5.4,0.0,0.0,0.0,0.0,0.0,0,1,1,90,1,2,1,3,91,2,37,2,False,False,60433,5,10000,-0.0,-0.0,1283.33333333,-0.0,-0.0,1,-0.0,-0.0,4283.33333333,3000.0,-0.0,-0.0,3000.0,1283.33333333
184,3.3,0,0.0,0.5,0,0.0,0,0,0,0,0,2.97,0,0.0,0.45,0.0,0.0,0.0,0.0,0.0,0,1,2,90,1,2,1,4,92,2,37,2,False,False,60433,5,10000,-0.0,-0.0,275.0,-0.0,-0.0,1,-0.0,-0.0,525.0,250.0,-0.0,-0.0,250.0,275.0
185,15.4,0,0.0,6.0,0,0.0,0,0,0,0,0,13.86,0,0.0,5.4,0.0,0.0,0.0,0.0,0.0,0,2,1,90,1,2,1,3,93,2,37,2,False,False,60433,5,10000,-0.0,-0.0,1283.33333333,-0.0,-0.0,1,-0.0,-0.0,4283.33333333,3000.0,-0.0,-0.0,3000.0,1283.33333333
186,15.4,0,0.0,6.0,0,0.0,0,0,0,0,0,13.86,0,0.0,5.4,0.0,0.0,0.0,0.0,0.0,0,1,1,90,1,3,3,4,94,2,37,2,False,False,60433,5,10000,-0.0,-0.0,770.0,-0.0,-0.0,0,-0.0,-0.0,3770.0,3000.0,-0.0,-0.0,3000.0,770.0
187,3.3,0,0.0,0.5,0,0.0,0,0,0,0,0,2.97,0,0.0,0.45,0.0,0.0,0.0,0.0,0.0,0,1,2,90,1,3,3,4,95,2,37,2,False,False,60433,5,10000,-0.0,-0.0,165.0,-0.0,-0.0,0,-0.0,-0.0,415.0,250.0,-0.0,-0.0,250.0,165.0
188,15.4,0,0.0,6.0,0,0.0,0,0,0,0,0,13.86,0,0.0,5.4,0.0,0.0,0.0,0.0,0.0,0,2,1,90,1,3,3,3,96,2,37,2,False,False,60433,5,10000,-0.0,-0.0,770.0,-0.0,-0.0,0,-0.0,-0.0,3770.0,3000.0,-0.0,-0.0,3000.0,770.0
189,6.6,0,0.0,2.0,0,0.0,0,0,0,0,0,5.94,0,0.0,1.8,0.0,0.0,0.0,0.0,0.0,0,1,1,90,1,4,5,3,97,2,37,2,False,False,60433,5,10000,-0.0,-0.0,330.0,-0.0,-0.0,0,-0.0,-0.0,1330.0,1000.0,-0.0,-0.0,1000.0,330.0
190,6.6,0,0.0,2.0,0,0.0,0,0,0,0,0,5.94,0,0.0,1.8,0.0,0.0,0.0,0.0,0.0,0,2,1,90,1,4,5,3,98,2,37,2,False,False,60433,5,10000,-0.0,-0.0,330.0,-0.0,-0.0,0,-0.0,-0.0,1330.0,1000.0,-0.0,-0.0,1000.0,330.0
202,6.6,0,0.0,2.0,0,0.0,0,0,0,0,0,5.94,0,0.0,1.8,0.0,0.0,0.0,0.0,0.0,0,1,1,90,2,1,1,3,99,1,37,1,False,False,60433,5,10000,-0.0,-0.0,550.0,-0.0,-0.0,1,-0.0,-0.0,1550.0,1000.0,-0.0,-0.0,1000.0,550.0
203,6.6,0,0.0,2.0,0,0.0,0,0,0,0,0,5.94,0,0.0,1.8,0.0,0.0,0.0,0.0,0.0,0,2,1,90,2,1,1,3,100,1,37,1,False,False,60433,5,10000,-0.0,-0.0,550.0,-0.0,-0.0,1,-0.0,-0.0,1550.0,1000.0,-0.0,-0.0,1000.0,550.0
204,3.3,0,0.0,0.5,0,0.0,0,0,0,0,0,2.97,0,0.0,0.45,0.0,0.0,0.0,0.0,0.0,0,2,2,90,2,1,1,3,101,1,37,1,False,False,60433,5,10000,-0.0,-0.0,275.0,-0.0,-0.0,1,-0.0,-0.0,525.0,250.0,-0.0,-0.0,250.0,275.0
205,6.6,0,0.0,2.0,0,0.0,0,0,0,0,0,5.94,0,0.0,1.8,0.0,0.0,0.0,0.0,0.0,0,1,1,90,2,2,4,5,102,1,37,1,False,False,60433,5,10000,-0.0,-0.0,330.0,-0.0,-0.0,0,-0.0,-0.0,1330.0,1000.0,-0.0,-0.0,1000.0,330.0
206,6.6,0,0.0,2.0,0,0.0,0,0,0,0,0,5.94,0,0.0,1.8,0.0,0.0,0.0,0.0,0.0,0,2,1,90,2,2,4,5,103,1,37,1,False,False,60433,5,10000,-0.0,-0.0,330.0,-0.0,-0.0,0,-0.0,-0.0,1330.0,1000.0,-0.0,-0.0,1000.0,330.0
207,3.3,0,0.0,0.5,0,0.0,0,0,0,0,0,2.97,0,0.0,0.45,0.0,0.0,0.0,0.0,0.0,0,2,2,90,2,2,4,3,104,1,37,1,False,False,60433,5,10000,-0.0,-0.0,165.0,-0.0,-0.0,0,-0.0,-0.0,415.0,250.0,-0.0,-0.0,250.0,165.0
214,92.4,0,0.0,14.0,0,0.0,0,0,0,0,0,83.16,0,0.0,12.6,0.0,0.0,0.0,0.0,0.0,0,1,1,90,3,1,2,8,105,7,6,1,False,False,60433,5,10000,-0.0,-0.0,4620.0,-0.0,-0.0,0,-0.0,-0.0,11620.0,7000.0,-0.0,-0.0,7000.0,4620.0
215,92.4,0,0.0,14.0,0,0.0,0,0,0,0,0,83.16,0,0.0,12.6,0.0,0.0,0.0,0.0,0.0,0,2,1,90,3,1,2,8,106,7,6,1,False,False,60433,5,10000,-0.0,-0.0,4620.0,-0.0,-0.0,0,-0.0,-0.0,11620.0,7000.0,-0.0,-0.0,7000.0,4620.0
216,3.3,0,0.0,0.5,0,0.0,0,0,0,0,0,2.97,0,0.0,0.45,0.0,0.0,0.0,0.0,0.0,0,2,2,90,3,1,2,4,107,7,6,1,False,False,60433,5,10000,-0.0,-0.0,165.0,-0.0,-0.0,0,-0.0,-0.0,415.0,250.0,-0.0,-0.0,250.0,165.0
220,6.6,0,0.0,2.0,0,0.0,0,0,0,0,0,5.94,0,0.0,1.8,0.0,0.0,0.0,0.0,0.0,0,1,1,90,4,1,2,4,108,8,4,2,False,False,60433,5,10000,-0.0,-0.0,330.0,-0.0,-0.0,0,-0.0,-0.0,1330.0,1000.0,-0.0,-0.0,1000.0,330.0
221,3.3,0,0.0,0.5,0,0.0,0,0,0,0,0,2.97,0,0.0,0.45,0.0,0.0,0.0,0.0,0.0,0,1,2,90,4,1,2,4,109,8,4,2,False,False,60433,5,10000,-0.0,-0.0,165.0,-0.0,-0.0,0,-0.0,-0.0,415.0,250.0,-0.0,-0.0,250.0,165.0
222,6.6,0,0.0,2.0,0,0.0,0,0,0,0,0,5.94,0,0.0,1.8,0.0,0.0,0.0,0.0,0.0,0,2,1,90,4,1,2,4,110,8,4,2,False,False,60433,5,10000,-0.0,-0.0,330.0,-0.0,-0.0,0,-0.0,-0.0,1330.0,1000.0,-0.0,-0.0,1000.0,330.0
223,3.3,0,0.0,0.5,0,0.0,0,0,0,0,0,2.97,0,0.0,0.45,0.0,0.0,0.0,0.0,0.0,0,2,2,90,4,1,2,4,111,8,4,2,False,False,60433,5,10000,-0.0,-0.0,165.0,-0.0,-0.0,0,-0.0,-0.0,415.0,250.0,-0.0,-0.0,250.0,165.0
228,33.0,0,0.0,14.0,0,0.0,0,0,0,0,0,29.7,0,0.0,12.6,0.0,0.0,0.0,0.0,0.0,0,1,1,90,5,1,3,5,112,8,1,1,False,False,60433,5,10000,-0.0,-0.0,1650.0,-0.0,-0.0,0,-0.0,-0.0,8650.0,7000.0,-0.0,-0.0,7000.0,1650.0
229,3.3,0,0.0,0.5,0,0.0,0,0,0,0,0,2.97,0,0.0,0.45,0.0,0.0,0.0,0.0,0.0,0,1,2,90,5,1,3,5,113,8,1,1,False,False,60433,5,10000,-0.0,-0.0,165.0,-0.0,-0.0,0,-0.0,-0.0,415.0,250.0,-0.0,-0.0,250.0,165.0
230,33.0,0,0.0,14.0,0,0.0,0,0,0,0,0,29.7,0,0.0,12.6,0.0,0.0,0.0,0.0,0.0,0,2,1,90,5,1,3,5,114,8,1,1,False,False,60433,5,10000,-0.0,-0.0,1650.0,-0.0,-0.0,0,-0.0,-0.0,8650.0,7000.0,-0.0,-0.0,7000.0,1650.0
231,3.3,0,0.0,0.5,0,0.0,0,0,0,0,0,2.97,0,0.0,0.45,0.0,0.0,0.0,0.0,0.0,0,2,2,90,5,1,3,5,115,8,1,1,False,False,60433,5,10000,-0.0,-0.0,165.0,-0.0,-0.0,0,-0.0,-0.0,415.0,250.0,-0.0,-0.0,250.0,165.0
232,15.4,0,0.0,6.0,0,0.0,0,0,0,0,0,13.86,0,0.0,5.4,0.0,0.0,0.0,0.0,0.0,0,1,1,90,5,2,3,4,116,8,1,1,False,False,60433,5,10000,-0.0,-0.0,770.0,-0.0,-0.0,0,-0.0,-0.0,3770.0,3000.0,-0.0,-0.0,3000.0,770.0
233,0.0,0,0.0,0.0,0,0.0,0,0,0,10,0,0.0,0,0.0,0.0,0.0,0.0,0.0,0.0,0.0,9,1,2,90,5,2,3,1,117,8,1,1,False,False,60433,5,10000,750.0,-0.0,-0.0,-0.0,-0.0,0,-0.0,-0.0,750.0,-0.0,-0.0,-0.0,-0.0,750.0
234,15.4,0,0.0,6.0,0,0.0,0,0,0,0,0,13.86,0,0.0,5.4,0.0,0.0,0.0,0.0,0.0,0,2,1,90,5,2,3,5,118,8,1,1,False,False,60433,5,10000,-0.0,-0.0,770.0,-0.0,-0.0,0,-0.0,-0.0,3770.0,3000.0,-0.0,-0.0,3000.0,770.0
242,0.0,0,1.0,0.0,0,0.0,10,5,11,0,0,0.0,0,0.9,0.0,0.0,0.0,9.0,4.5,9.9,0,1,1,100,1,1,4,6,119,3,78,2,True,False,22069,1,10000,-0.0,375.0,-0.0,-0.0,500.0,0,-0.0,825.0,2200.0,500.0,500.0,-0.0,-0.0,1700.0
243,0.0,0,1.0,0.0,0,0.0,10,5,11,0,0,0.0,0,0.9,0.0,0.0,0.0,9.0,4.5,9.9,0,2,1,100,1,1,4,6,120,3,78,2,True,False,22069,1,10000,-0.0,375.0,-0.0,-0.0,500.0,0,-0.0,825.0,2200.0,500.0,500.0,-0.0,-0.0,1700.0
244,0.0,0,2.5,0.0,0,0.0,40,15,6,0,0,0.0,0,2.25,0.0,0.0,0.0,36.0,13.5,5.4,0,1,1,100,1,2,4,6,121,3,78,2,True,False,22069,1,10000,-0.0,1125.0,-0.0,-0.0,2000.0,0,-0.0,450.0,4825.0,1250.0,1250.0,-0.0,-0.0,3575.0
245,0.0,0,2.5,0.0,0,0.0,40,15,6,0,0,0.0,0,2.25,0.0,0.0,0.0,36.0,13.5,5.4,0,2,1,100,1,2,4,6,122,3,78,2,True,False,22069,1,10000,-0.0,1125.0,-0.0,-0.0,2000.0,0,-0.0,450.0,4825.0,1250.0,1250.0,-0.0,-0.0,3575.0
6,0.0,30,0.0,1.2,0,0.0,0,0,0,0,1,0.0,27,0.0,1.08,0.0,0.0,0.0,0.0,0.0,0,1,1,10,1,1,1,2,123,1,67,1,True,False,31539,2,10000,-0.0,-0.0,-0.0,2500.0,-0.0,1,-0.0,-0.0,3100.0,600.0,-0.0,-0.0,600.0,2500.0
7,0.0,30,0.0,1.2,0,0.0,0,0,0,0,1,0.0,27,0.0,1.08,0.0,0.0,0.0,0.0,0.0,0,2,1,10,1,1,1,2,124,1,67,1,True,False,31539,2,10000,-0.0,-0.0,-0.0,2500.0,-0.0,1,-0.0,-0.0,3100.0,600.0,-0.0,-0.0,600.0,2500.0
8,3.0,0,0.0,0.1,0,0.0,0,0,0,0,1,2.7,0,0.0,0.09,0.0,0.0,0.0,0.0,0.0,0,2,2,10,1,1,1,3,125,1,67,1,True,False,31539,2,10000,-0.0,-0.0,250.0,-0.0,-0.0,1,-0.0,-0.0,300.0,50.0,-0.0,-0.0,50.0,250.0
9,30.0,0,0.0,2.8,0,0.0,0,0,0,0,1,27.0,0,0.0,2.52,0.0,0.0,0.0,0.0,0.0,0,1,1,10,1,2,3,4,126,1,67,1,True,False,31539,2,10000,-0.0,-0.0,1500.0,-0.0,-0.0,0,-0.0,-0.0,2900.0,1400.0,-0.0,-0.0,1400.0,1500.0
10,30.0,0,0.0,2.8,0,0.0,0,0,0,0,1,27.0,0,0.0,2.52,0.0,0.0,0.0,0.0,0.0,0,2,1,10,1,2,3,3,127,1,67,1,True,False,31539,2,10000,-0.0,-0.0,1500.0,-0.0,-0.0,0,-0.0,-0.0,2900.0,1400.0,-0.0,-0.0,1400.0,1500.0
11,3.0,0,0.0,0.1,0,2.0,0,0,0,0,1,2.7,0,0.0,0.09,0.0,1.8,0.0,0.0,0.0,0,2,2,10,1,2,3,4,128,1,67,1,True,False,31539,2,10000,-0.0,-0.0,150.0,-0.0,-0.0,0,-0.0,-0.0,1200.0,1050.0,-0.0,1000.0,50.0,150.0
12,6.0,0,0.0,0.4,0,0.0,0,0,0,0,1,5.4,0,0.0,0.36,0.0,0.0,0.0,0.0,0.0,0,1,1,10,1,3,4,4,129,1,67,1,True,False,31539,2,10000,-0.0,-0.0,300.0,-0.0,-0.0,0,-0.0,-0.0,500.0,200.0,-0.0,-0.0,200.0,300.0
13,6.0,0,0.0,0.4,0,0.0,0,0,0,0,1,5.4,0,0.0,0.36,0.0,0.0,0.0,0.0,0.0,0,2,1,10,1,3,4,4,130,1,67,1,True,False,31539,2,10000,-0.0,-0.0,300.0,-0.0,-0.0,0,-0.0,-0.0,500.0,200.0,-0.0,-0.0,200.0,300.0
18,34.0,0,0.0,3.2,2,0.0,0,0,0,0,1,30.6,0,0.0,2.88,1.8,0.0,0.0,0.0,0.0,0,1,1,20,1,1,5,3,131,1,54,2,False,False,182927,2,10000,-0.0,-0.0,1700.0,-0.0,-0.0,0,1000.0,-0.0,4300.0,2600.0,-0.0,-0.0,1600.0,1700.0
19,3.0,0,0.0,0.1,0,0.0,0,0,0,0,1,2.7,0,0.0,0.09,0.0,0.0,0.0,0.0,0.0,0,1,2,20,1,1,5,3,132,1,54,2,False,False,182927,2,10000,-0.0,-0.0,150.0,-0.0,-0.0,0,-0.0,-0.0,200.0,50.0,-0.0,-0.0,50.0,150.0
20,34.0,0,0.0,3.2,0,0.0,0,0,0,0,1,30.6,0,0.0,2.88,0.0,0.0,0.0,0.0,0.0,0,2,1,20,1,1,5,3,133,1,54,2,False,False,182927,2,10000,-0.0,-0.0,1700.0,-0.0,-0.0,0,-0.0,-0.0,3300.0,1600.0,-0.0,-0.0,1600.0,1700.0
21,3.0,0,0.0,0.1,0,0.0,0,0,0,0,1,2.7,0,0.0,0.09,0.0,0.0,0.0,0.0,0.0,0,2,2,20,1,1,5,3,134,1,54,2,False,False,182927,2,10000,-0.0,-0.0,150.0,-0.0,-0.0,0,-0.0,-0.0,200.0,50.0,-0.0,-0.0,50.0,150.0
24,3.0,0,0.0,0.1,0,0.0,0,0,0,0,1,2.7,0,0.0,0.09,0.0,0.0,0.0,0.0,0.0,0,1,1,20,2,1,6,4,135,3,65,1,False,False,182927,2,10000,-0.0,-0.0,150.0,-0.0,-0.0,0,-0.0,-0.0,200.0,50.0,-0.0,-0.0,50.0,150.0
25,3.0,0,0.0,0.1,0,0.0,0,0,0,0,1,2.7,0,0.0,0.09,0.0,0.0,0.0,0.0,0.0,0,2,1,20,2,1,6,4,136,3,65,1,False,False,182927,2,10000,-0.0,-0.0,150.0,-0.0,-0.0,0,-0.0,-0.0,200.0,50.0,-0.0,-0.0,50.0,150.0
31,18.0,0,0.0,1.6,0,0.0,0,0,0,0,1,16.2,0,0.0,1.44,0.0,0.0,0.0,0.0,0.0,0,1,1,40,1,1,1,3,137,1,40,1,False,False,128014,6,10000,-0.0,-0.0,1500.0,-0.0,-0.0,1,-0.0,-0.0,2300.0,800.0,-0.0,-0.0,800.0,1500.0
32,3.0,0,0.0,0.1,0,0.0,0,0,0,0,1,2.7,0,0.0,0.09,0.0,0.0,0.0,0.0,0.0,0,1,2,40,1,1,1,3,138,1,40,1,False,False,128014,6,10000,-0.0,-0.0,250.0,-0.0,-0.0,1,-0.0,-0.0,300.0,50.0,-0.0,-0.0,50.0,250.0
33,18.0,0,0.0,1.6,0,0.0,0,0,0,0,1,16.2,0,0.0,1.44,0.0,0.0,0.0,0.0,0.0,0,2,1,40,1,1,1,3,139,1,40,1,False,False,128014,6,10000,-0.0,-0.0,1500.0,-0.0,-0.0,1,-0.0,-0.0,2300.0,800.0,-0.0,-0.0,800.0,1500.0
34,3.0,0,0.0,0.1,0,0.0,0,0,0,0,1,2.7,0,0.0,0.09,0.0,0.0,0.0,0.0,0.0,0,2,2,40,1,1,1,3,140,1,40,1,False,False,128014,6,10000,-0.0,-0.0,250.0,-0.0,-0.0,1,-0.0,-0.0,300.0,50.0,-0.0,-0.0,50.0,250.0
35,3.0,0,0.0,0.1,0,0.0,0,0,0,0,1,2.7,0,0.0,0.09,0.0,0.0,0.0,0.0,0.0,0,2,3,40,1,1,1,3,141,1,40,1,False,False,128014,6,10000,-0.0,-0.0,250.0,-0.0,-0.0,1,-0.0,-0.0,300.0,50.0,-0.0,-0.0,50.0,250.0
39,26.0,0,0.0,2.4,0,0.0,0,0,0,0,1,23.4,0,0.0,2.16,0.0,0.0,0.0,0.0,0.0,0,1,1,40,2,1,1,4,142,1,35,2,False,False,128014,6,10000,-0.0,-0.0,2166.66666667,-0.0,-0.0,1,-0.0,-0.0,3366.66666667,1200.0,-0.0,-0.0,1200.0,2166.66666667
40,3.0,0,0.0,0.1,0,0.0,0,0,0,0,1,2.7,0,0.0,0.09,0.0,0.0,0.0,0.0,0.0,0,1,2,40,2,1,1,3,143,1,35,2,False,False,128014,6,10000,-0.0,-0.0,250.0,-0.0,-0.0,1,-0.0,-0.0,300.0,50.0,-0.0,-0.0,50.0,250.0
41,26.0,0,0.0,2.4,0,0.0,0,0,0,0,1,23.4,0,0.0,2.16,0.0,0.0,0.0,0.0,0.0,0,2,1,40,2,1,1,3,144,1,35,2,False,False,128014,6,10000,-0.0,-0.0,2166.66666667,-0.0,-0.0,1,-0.0,-0.0,3366.66666667,1200.0,-0.0,-0.0,1200.0,2166.66666667
42,0.0,0,2.0,0.0,0,0.0,16,5,10,0,1,0.0,0,1.8,0.0,0.0,0.0,14.4,4.5,9.0,0,1,1,40,2,2,3,6,145,1,35,2,False,False,128014,6,10000,-0.0,375.0,-0.0,-0.0,800.0,0,-0.0,750.0,2925.0,1000.0,1000.0,-0.0,-0.0,1925.0
43,0.0,0,2.0,0.0,0,0.0,16,5,10,0,1,0.0,0,1.8,0.0,0.0,0.0,14.4,4.5,9.0,0,2,1,40,2,2,3,6,146,1,35,2,False,False,128014,6,10000,-0.0,375.0,-0.0,-0.0,800.0,0,-0.0,750.0,2925.0,1000.0,1000.0,-0.0,-0.0,1925.0
48,3.0,0,0.0,0.1,0,0.0,0,0,0,0,1,2.7,0,0.0,0.09,0.0,0.0,0.0,0.0,0.0,0,1,1,40,3,1,3,5,147,8,2,2,False,False,128014,6,10000,-0.0,-0.0,150.0,-0.0,-0.0,0,-0.0,-0.0,200.0,50.0,-0.0,-0.0,50.0,150.0
49,3.0,0,0.0,0.1,0,0.0,0,0,0,0,1,2.7,0,0.0,0.09,0.0,0.0,0.0,0.0,0.0,0,1,2,40,3,1,3,5,148,8,2,2,False,False,128014,6,10000,-0.0,-0.0,150.0,-0.0,-0.0,0,-0.0,-0.0,200.0,50.0,-0.0,-0.0,50.0,150.0
50,3.0,0,0.0,0.1,0,0.0,0,0,0,0,1,2.7,0,0.0,0.09,0.0,0.0,0.0,0.0,0.0,0,2,1,40,3,1,3,4,149,8,2,2,False,False,128014,6,10000,-0.0,-0.0,150.0,-0.0,-0.0,0,-0.0,-0.0,200.0,50.0,-0.0,-0.0,50.0,150.0
51,3.0,0,0.0,0.1,1,1.0,0,0,0,0,1,2.7,0,0.0,0.09,0.9,0.9,0.0,0.0,0.0,0,2,2,40,3,1,3,5,150,8,2,2,False,False,128014,6,10000,-0.0,-0.0,150.0,-0.0,-0.0,0,500.0,-0.0,1200.0,1050.0,-0.0,500.0,50.0,150.0
54,10.0,0,0.0,0.8,0,0.0,0,0,0,0,1,9.0,0,0.0,0.72,0.0,0.0,0.0,0.0,0.0,0,1,1,40,4,1,4,4,151,8,2,2,False,False,128014,6,10000,-0.0,-0.0,500.0,-0.0,-0.0,0,-0.0,-0.0,900.0,400.0,-0.0,-0.0,400.0,500.0
55,10.0,0,0.0,0.8,0,0.0,0,0,0,0,1,9.0,0,0.0,0.72,0.0,0.0,0.0,0.0,0.0,0,2,1,40,4,1,4,4,152,8,2,2,False,False,128014,6,10000,-0.0,-0.0,500.0,-0.0,-0.0,0,-0.0,-0.0,900.0,400.0,-0.0,-0.0,400.0,500.0
64,26.0,0,0.0,2.4,0,0.0,0,0,0,0,1,23.4,0,0.0,2.16,0.0,0.0,0.0,0.0,0.0,0,1,1,40,5,1,3,5,153,2,70,1,True,False,128014,6,10000,-0.0,-0.0,1300.0,-0.0,-0.0,0,-0.0,-0.0,2500.0,1200.0,-0.0,-0.0,1200.0,1300.0
65,26.0,0,0.0,2.4,0,0.0,0,0,0,0,1,23.4,0,0.0,2.16,0.0,0.0,0.0,0.0,0.0,0,2,1,40,5,1,3,3,154,2,70,1,True,False,128014,6,10000,-0.0,-0.0,1300.0,-0.0,-0.0,0,-0.0,-0.0,2500.0,1200.0,-0.0,-0.0,1200.0,1300.0
66,3.0,0,0.0,0.1,0,0.0,0,0,0,0,1,2.7,0,0.0,0.09,0.0,0.0,0.0,0.0,0.0,0,2,2,40,5,1,3,3,155,2,70,1,True,False,128014,6,10000,-0.0,-0.0,150.0,-0.0,-0.0,0,-0.0,-0.0,200.0,50.0,-0.0,-0.0,50.0,150.0
67,3.0,0,0.0,0.1,0,0.0,0,0,0,0,1,2.7,0,0.0,0.09,0.0,0.0,0.0,0.0,0.0,0,2,3,40,5,1,3,5,156,2,70,1,True,False,128014,6,10000,-0.0,-0.0,150.0,-0.0,-0.0,0,-0.0,-0.0,200.0,50.0,-0.0,-0.0,50.0,150.0
68,3.0,0,0.0,0.1,0,0.0,0,0,0,0,1,2.7,0,0.0,0.09,0.0,0.0,0.0,0.0,0.0,0,1,1,40,5,2,4,4,157,2,70,1,True,False,128014,6,10000,-0.0,-0.0,150.0,-0.0,-0.0,0,-0.0,-0.0,200.0,50.0,-0.0,-0.0,50.0,150.0
69,3.0,0,0.0,0.1,0,0.0,0,0,0,0,1,2.7,0,0.0,0.09,0.0,0.0,0.0,0.0,0.0,0,2,1,40,5,2,4,4,158,2,70,1,True,False,128014,6,10000,-0.0,-0.0,150.0,-0.0,-0.0,0,-0.0,-0.0,200.0,50.0,-0.0,-0.0,50.0,150.0
70,10.0,0,0.0,0.8,0,0.0,0,0,0,0,1,9.0,0,0.0,0.72,0.0,0.0,0.0,0.0,0.0,0,1,1,40,5,3,5,4,159,2,70,1,True,False,128014,6,10000,-0.0,-0.0,500.0,-0.0,-0.0,0,-0.0,-0.0,900.0,400.0,-0.0,-0.0,400.0,500.0
71,10.0,0,0.0,0.8,0,0.0,0,0,0,0,1,9.0,0,0.0,0.72,0.0,0.0,0.0,0.0,0.0,0,2,1,40,5,3,5,4,160,2,70,1,True,False,128014,6,10000,-0.0,-0.0,500.0,-0.0,-0.0,0,-0.0,-0.0,900.0,400.0,-0.0,-0.0,400.0,500.0
79,10.0,0,0.0,0.8,0,0.0,0,0,0,0,1,9.0,0,0.0,0.72,0.0,0.0,0.0,0.0,0.0,0,1,1,40,6,1,7,4,161,4,64,2,False,False,128014,6,10000,-0.0,-0.0,500.0,-0.0,-0.0,0,-0.0,-0.0,900.0,400.0,-0.0,-0.0,400.0,500.0
80,3.0,0,0.0,0.1,0,0.0,0,0,0,0,1,2.7,0,0.0,0.09,0.0,0.0,0.0,0.0,0.0,0,1,2,40,6,1,7,3,162,4,64,2,False,False,128014,6,10000,-0.0,-0.0,150.0,-0.0,-0.0,0,-0.0,-0.0,200.0,50.0,-0.0,-0.0,50.0,150.0
81,10.0,0,0.0,0.8,0,0.0,0,0,0,0,1,9.0,0,0.0,0.72,0.0,0.0,0.0,0.0,0.0,0,2,1,40,6,1,7,4,163,4,64,2,False,False,128014,6,10000,-0.0,-0.0,500.0,-0.0,-0.0,0,-0.0,-0.0,900.0,400.0,-0.0,-0.0,400.0,500.0
82,3.0,0,0.0,0.1,0,0.0,0,0,0,0,1,2.7,0,0.0,0.09,0.0,0.0,0.0,0.0,0.0,0,2,2,40,6,1,7,4,164,4,64,2,False,False,128014,6,10000,-0.0,-0.0,150.0,-0.0,-0.0,0,-0.0,-0.0,200.0,50.0,-0.0,-0.0,50.0,150.0
83,3.0,0,0.0,0.1,0,0.0,0,0,0,0,1,2.7,0,0.0,0.09,0.0,0.0,0.0,0.0,0.0,0,1,1,40,6,2,7,5,165,4,64,2,False,False,128014,6,10000,-0.0,-0.0,150.0,-0.0,-0.0,0,-0.0,-0.0,200.0,50.0,-0.0,-0.0,50.0,150.0
84,3.0,0,0.0,0.1,0,0.0,0,0,0,0,1,2.7,0,0.0,0.09,0.0,0.0,0.0,0.0,0.0,0,1,2,40,6,2,7,5,166,4,64,2,False,False,128014,6,10000,-0.0,-0.0,150.0,-0.0,-0.0,0,-0.0,-0.0,200.0,50.0,-0.0,-0.0,50.0,150.0
85,3.0,0,0.0,0.1,0,0.0,0,0,0,0,1,2.7,0,0.0,0.09,0.0,0.0,0.0,0.0,0.0,0,2,1,40,6,2,7,5,167,4,64,2,False,False,128014,6,10000,-0.0,-0.0,150.0,-0.0,-0.0,0,-0.0,-0.0,200.0,50.0,-0.0,-0.0,50.0,150.0
89,6.0,0,0.0,0.4,0,0.0,0,0,0,0,1,5.4,0,0.0,0.36,0.0,0.0,0.0,0.0,0.0,0,1,1,50,1,1,6,5,168,4,55,2,False,False,22352,3,10000,-0.0,-0.0,300.0,-0.0,-0.0,0,-0.0,-0.0,500.0,200.0,-0.0,-0.0,200.0,300.0
90,6.0,0,0.0,0.4,0,0.0,0,0,0,0,1,5.4,0,0.0,0.36,0.0,0.0,0.0,0.0,0.0,0,2,1,50,1,1,6,5,169,4,55,2,False,False,22352,3,10000,-0.0,-0.0,300.0,-0.0,-0.0,0,-0.0,-0.0,500.0,200.0,-0.0,-0.0,200.0,300.0
91,3.0,0,0.0,0.1,0,0.0,0,0,0,0,1,2.7,0,0.0,0.09,0.0,0.0,0.0,0.0,0.0,0,2,2,50,1,1,6,4,170,4,55,2,False,False,22352,3,10000,-0.0,-0.0,150.0,-0.0,-0.0,0,-0.0,-0.0,200.0,50.0,-0.0,-0.0,50.0,150.0
100,6.0,0,0.0,0.4,0,0.0,0,0,0,0,1,5.4,0,0.0,0.36,0.0,0.0,0.0,0.0,0.0,0,1,1,50,2,1,1,5,171,1,26,2,False,False,22352,3,10000,-0.0,-0.0,500.0,-0.0,-0.0,1,-0.0,-0.0,700.0,200.0,-0.0,-0.0,200.0,500.0
101,6.0,0,0.0,0.4,0,0.0,0,0,0,0,1,5.4,0,0.0,0.36,0.0,0.0,0.0,0.0,0.0,0,2,1,50,2,1,1,5,172,1,26,2,False,False,22352,3,10000,-0.0,-0.0,500.0,-0.0,-0.0,1,-0.0,-0.0,700.0,200.0,-0.0,-0.0,200.0,500.0
102,3.0,0,0.0,0.1,0,0.0,0,0,0,0,1,2.7,0,0.0,0.09,0.0,0.0,0.0,0.0,0.0,0,2,2,50,2,1,1,5,173,1,26,2,False,False,22352,3,10000,-0.0,-0.0,250.0,-0.0,-0.0,1,-0.0,-0.0,300.0,50.0,-0.0,-0.0,50.0,250.0
103,6.0,0,0.0,0.4,0,0.0,0,0,0,0,1,5.4,0,0.0,0.36,0.0,0.0,0.0,0.0,0.0,0,1,1,50,2,2,1,3,174,1,26,2,False,False,22352,3,10000,-0.0,-0.0,500.0,-0.0,-0.0,1,-0.0,-0.0,700.0,200.0,-0.0,-0.0,200.0,500.0
104,3.0,0,0.0,0.1,0,0.0,0,0,0,0,1,2.7,0,0.0,0.09,0.0,0.0,0.0,0.0,0.0,0,1,2,50,2,2,1,5,175,1,26,2,False,False,22352,3,10000,-0.0,-0.0,250.0,-0.0,-0.0,1,-0.0,-0.0,300.0,50.0,-0.0,-0.0,50.0,250.0
105,3.0,0,0.0,0.1,0,0.0,0,0,0,0,1,2.7,0,0.0,0.09,0.0,0.0,0.0,0.0,0.0,0,1,3,50,2,2,1,5,176,1,26,2,False,False,22352,3,10000,-0.0,-0.0,250.0,-0.0,-0.0,1,-0.0,-0.0,300.0,50.0,-0.0,-0.0,50.0,250.0
106,3.0,0,0.0,0.1,0,0.0,0,0,0,0,1,2.7,0,0.0,0.09,0.0,0.0,0.0,0.0,0.0,0,1,4,50,2,2,1,5,177,1,26,2,False,False,22352,3,10000,-0.0,-0.0,250.0,-0.0,-0.0,1,-0.0,-0.0,300.0,50.0,-0.0,-0.0,50.0,250.0
107,6.0,0,0.0,0.4,0,0.0,0,0,0,0,1,5.4,0,0.0,0.36,0.0,0.0,0.0,0.0,0.0,0,2,1,50,2,2,1,5,178,1,26,2,False,False,22352,3,10000,-0.0,-0.0,500.0,-0.0,-0.0,1,-0.0,-0.0,700.0,200.0,-0.0,-0.0,200.0,500.0
112,6.0,0,0.0,0.4,0,0.0,0,0,0,0,1,5.4,0,0.0,0.36,0.0,0.0,0.0,0.0,0.0,0,1,1,50,3,1,2,5,179,7,5,2,False,False,22352,3,10000,-0.0,-0.0,300.0,-0.0,-0.0,0,-0.0,-0.0,500.0,200.0,-0.0,-0.0,200.0,300.0
113,6.0,0,0.0,0.4,0,0.0,0,0,0,0,1,5.4,0,0.0,0.36,0.0,0.0,0.0,0.0,0.0,0,2,1,50,3,1,2,5,180,7,5,2,False,False,22352,3,10000,-0.0,-0.0,300.0,-0.0,-0.0,0,-0.0,-0.0,500.0,200.0,-0.0,-0.0,200.0,300.0
114,14.0,0,0.0,1.2,0,0.0,0,0,0,0,1,12.6,0,0.0,1.08,0.0,0.0,0.0,0.0,0.0,0,1,1,50,3,2,5,5,181,7,5,2,False,False,22352,3,10000,-0.0,-0.0,700.0,-0.0,-0.0,0,-0.0,-0.0,1300.0,600.0,-0.0,-0.0,600.0,700.0
115,14.0,0,0.0,1.2,0,0.0,0,0,0,0,1,12.6,0,0.0,1.08,0.0,0.0,0.0,0.0,0.0,0,2,1,50,3,2,5,5,182,7,5,2,False,False,22352,3,10000,-0.0,-0.0,700.0,-0.0,-0.0,0,-0.0,-0.0,1300.0,600.0,-0.0,-0.0,600.0,700.0
123,18.0,0,0.0,1.6,0,0.0,0,0,0,0,1,16.2,0,0.0,1.44,0.0,0.0,0.0,0.0,0.0,0,1,1,60,1,1,1,3,183,1,58,2,False,False,69714,2,10000,-0.0,-0.0,1500.0,-0.0,-0.0,1,-0.0,-0.0,2300.0,800.0,-0.0,-0.0,800.0,1500.0
124,18.0,0,0.0,1.6,0,0.0,0,0,0,0,1,16.2,0,0.0,1.44,0.0,0.0,0.0,0.0,0.0,0,2,1,60,1,1,1,3,184,1,58,2,False,False,69714,2,10000,-0.0,-0.0,1500.0,-0.0,-0.0,1,-0.0,-0.0,2300.0,800.0,-0.0,-0.0,800.0,1500.0
125,3.0,0,0.0,0.1,0,0.0,0,0,0,0,1,2.7,0,0.0,0.09,0.0,0.0,0.0,0.0,0.0,0,2,2,60,1,1,1,3,185,1,58,2,False,False,69714,2,10000,-0.0,-0.0,250.0,-0.0,-0.0,1,-0.0,-0.0,300.0,50.0,-0.0,-0.0,50.0,250.0
126,3.0,0,0.0,0.1,0,0.0,0,0,0,0,1,2.7,0,0.0,0.09,0.0,0.0,0.0,0.0,0.0,0,2,3,60,1,1,1,3,186,1,58,2,False,False,69714,2,10000,-0.0,-0.0,250.0,-0.0,-0.0,1,-0.0,-0.0,300.0,50.0,-0.0,-0.0,50.0,250.0
127,3.0,0,0.0,0.1,0,0.0,0,0,0,0,1,2.7,0,0.0,0.09,0.0,0.0,0.0,0.0,0.0,0,2,4,60,1,1,1,3,187,1,58,2,False,False,69714,2,10000,-0.0,-0.0,250.0,-0.0,-0.0,1,-0.0,-0.0,300.0,50.0,-0.0,-0.0,50.0,250.0
128,18.0,0,0.0,1.6,0,0.0,0,0,0,0,1,16.2,0,0.0,1.44,0.0,0.0,0.0,0.0,0.0,0,1,1,60,1,2,7,3,188,1,58,2,False,False,69714,2,10000,-0.0,-0.0,900.0,-0.0,-0.0,0,-0.0,-0.0,1700.0,800.0,-0.0,-0.0,800.0,900.0
129,18.0,0,0.0,1.6,0,0.0,0,0,0,0,1,16.2,0,0.0,1.44,0.0,0.0,0.0,0.0,0.0,0,2,1,60,1,2,7,3,189,1,58,2,False,False,69714,2,10000,-0.0,-0.0,900.0,-0.0,-0.0,0,-0.0,-0.0,1700.0,800.0,-0.0,-0.0,800.0,900.0
132,10.0,0,0.0,0.8,0,0.0,0,0,0,0,1,9.0,0,0.0,0.72,0.0,0.0,0.0,0.0,0.0,0,1,1,60,2,1,5,4,190,2,71,2,True,False,69714,2,10000,-0.0,-0.0,500.0,-0.0,-0.0,0,-0.0,-0.0,900.0,400.0,-0.0,-0.0,400.0,500.0
133,10.0,0,0.0,0.8,0,0.0,0,0,0,0,1,9.0,0,0.0,0.72,0.0,0.0,0.0,0.0,0.0,0,2,1,60,2,1,5,4,191,2,71,2,True,False,69714,2,10000,-0.0,-0.0,500.0,-0.0,-0.0,0,-0.0,-0.0,900.0,400.0,-0.0,-0.0,400.0,500.0
136,22.0,0,0.0,2.0,0,0.0,0,0,0,0,1,19.8,0,0.0,1.8,0.0,0.0,0.0,0.0,0.0,0,1,1,70,1,1,1,3,192,1,65,1,False,False,115675,3,10000,-0.0,-0.0,1833.33333333,-0.0,-0.0,1,-0.0,-0.0,2833.33333333,1000.0,-0.0,-0.0,1000.0,1833.33333333
137,22.0,0,0.0,2.0,0,0.0,0,0,0,0,1,19.8,0,0.0,1.8,0.0,0.0,0.0,0.0,0.0,0,2,1,70,1,1,1,3,193,1,65,1,False,False,115675,3,10000,-0.0,-0.0,1833.33333333,-0.0,-0.0,1,-0.0,-0.0,2833.33333333,1000.0,-0.0,-0.0,1000.0,1833.33333333
140,6.0,0,0.0,0.4,0,0.0,0,0,0,0,1,5.4,0,0.0,0.36,0.0,0.0,0.0,0.0,0.0,0,1,1,70,2,1,1,3,194,1,64,2,False,False,115675,3,10000,-0.0,-0.0,500.0,-0.0,-0.0,1,-0.0,-0.0,700.0,200.0,-0.0,-0.0,200.0,500.0
141,6.0,0,0.0,0.4,0,0.0,0,0,0,0,1,5.4,0,0.0,0.36,0.0,0.0,0.0,0.0,0.0,0,2,1,70,2,1,1,3,195,1,64,2,False,False,115675,3,10000,-0.0,-0.0,500.0,-0.0,-0.0,1,-0.0,-0.0,700.0,200.0,-0.0,-0.0,200.0,500.0
145,22.0,0,0.0,2.0,0,0.0,0,0,0,0,1,19.8,0,0.0,1.8,0.0,0.0,0.0,0.0,0.0,0,1,1,70,3,1,2,5,196,7,6,2,False,False,115675,3,10000,-0.0,-0.0,1100.0,-0.0,-0.0,0,-0.0,-0.0,2100.0,1000.0,-0.0,-0.0,1000.0,1100.0
146,3.0,0,0.0,0.1,0,0.0,0,0,0,0,1,2.7,0,0.0,0.09,0.0,0.0,0.0,0.0,0.0,0,1,2,70,3,1,2,4,197,7,6,2,False,False,115675,3,10000,-0.0,-0.0,150.0,-0.0,-0.0,0,-0.0,-0.0,200.0,50.0,-0.0,-0.0,50.0,150.0
147,22.0,0,0.0,2.0,0,0.0,0,0,0,0,1,19.8,0,0.0,1.8,0.0,0.0,0.0,0.0,0.0,0,2,1,70,3,1,2,5,198,7,6,2,False,False,115675,3,10000,-0.0,-0.0,1100.0,-0.0,-0.0,0,-0.0,-0.0,2100.0,1000.0,-0.0,-0.0,1000.0,1100.0
155,26.0,0,0.0,2.4,4,3.0,0,0,0,0,1,23.4,0,0.0,2.16,3.6,2.7,0.0,0.0,0.0,0,1,1,80,1,1,3,5,199,2,47,2,False,True,10681,4,10000,-0.0,-0.0,1300.0,-0.0,-0.0,0,2000.0,-0.0,6000.0,4700.0,-0.0,1500.0,1200.0,1300.0
156,26.0,0,0.0,2.4,0,0.0,0,0,0,0,1,23.4,0,0.0,2.16,0.0,0.0,0.0,0.0,0.0,0,2,1,80,1,1,3,3,200,2,47,2,False,True,10681,4,10000,-0.0,-0.0,1300.0,-0.0,-0.0,0,-0.0,-0.0,2500.0,1200.0,-0.0,-0.0,1200.0,1300.0
157,3.0,0,0.0,0.1,0,0.0,0,0,0,0,1,2.7,0,0.0,0.09,0.0,0.0,0.0,0.0,0.0,0,1,1,80,1,2,3,3,201,2,47,2,False,True,10681,4,10000,-0.0,-0.0,150.0,-0.0,-0.0,0,-0.0,-0.0,200.0,50.0,-0.0,-0.0,50.0,150.0
158,3.0,0,0.0,0.1,0,0.0,0,0,0,0,1,2.7,0,0.0,0.09,0.0,0.0,0.0,0.0,0.0,0,2,1,80,1,2,3,3,202,2,47,2,False,True,10681,4,10000,-0.0,-0.0,150.0,-0.0,-0.0,0,-0.0,-0.0,200.0,50.0,-0.0,-0.0,50.0,150.0
159,3.0,0,0.0,0.1,0,0.0,0,0,0,0,1,2.7,0,0.0,0.09,0.0,0.0,0.0,0.0,0.0,0,2,2,80,1,2,3,3,203,2,47,2,False,True,10681,4,10000,-0.0,-0.0,150.0,-0.0,-0.0,0,-0.0,-0.0,200.0,50.0,-0.0,-0.0,50.0,150.0
160,18.0,0,0.0,1.6,0,0.0,0,0,0,0,1,16.2,0,0.0,1.44,0.0,0.0,0.0,0.0,0.0,0,1,1,80,1,3,3,5,204,2,47,2,False,True,10681,4,10000,-0.0,-0.0,900.0,-0.0,-0.0,0,-0.0,-0.0,1700.0,800.0,-0.0,-0.0,800.0,900.0
161,18.0,0,0.0,1.6,0,0.0,0,0,0,0,1,16.2,0,0.0,1.44,0.0,0.0,0.0,0.0,0.0,0,2,1,80,1,3,3,4,205,2,47,2,False,True,10681,4,10000,-0.0,-0.0,900.0,-0.0,-0.0,0,-0.0,-0.0,1700.0,800.0,-0.0,-0.0,800.0,900.0
167,10.0,0,0.0,0.8,0,0.0,0,0,0,0,1,9.0,0,0.0,0.72,0.0,0.0,0.0,0.0,0.0,0,1,1,80,2,1,4,3,206,4,48,1,False,True,10681,4,10000,-0.0,-0.0,500.0,-0.0,-0.0,0,-0.0,-0.0,900.0,400.0,-0.0,-0.0,400.0,500.0
168,3.0,0,0.0,0.1,0,0.0,0,0,0,0,1,2.7,0,0.0,0.09,0.0,0.0,0.0,0.0,0.0,0,1,2,80,2,1,4,3,207,4,48,1,False,True,10681,4,10000,-0.0,-0.0,150.0,-0.0,-0.0,0,-0.0,-0.0,200.0,50.0,-0.0,-0.0,50.0,150.0
169,10.0,0,0.0,0.8,0,0.0,0,0,0,0,1,9.0,0,0.0,0.72,0.0,0.0,0.0,0.0,0.0,0,2,1,80,2,1,4,3,208,4,48,1,False,True,10681,4,10000,-0.0,-0.0,500.0,-0.0,-0.0,0,-0.0,-0.0,900.0,400.0,-0.0,-0.0,400.0,500.0
170,10.0,0,0.0,0.8,0,0.0,0,0,0,0,1,9.0,0,0.0,0.72,0.0,0.0,0.0,0.0,0.0,0,1,1,80,2,2,7,3,209,4,48,1,False,True,10681,4,10000,-0.0,-0.0,500.0,-0.0,-0.0,0,-0.0,-0.0,900.0,400.0,-0.0,-0.0,400.0,500.0
171,10.0,0,0.0,0.8,0,0.0,0,0,0,0,1,9.0,0,0.0,0.72,0.0,0.0,0.0,0.0,0.0,0,2,1,80,2,2,7,3,210,4,48,1,False,True,10681,4,10000,-0.0,-0.0,500.0,-0.0,-0.0,0,-0.0,-0.0,900.0,400.0,-0.0,-0.0,400.0,500.0
174,26.0,0,0.0,2.4,0,0.0,0,0,0,0,1,23.4,0,0.0,2.16,0.0,0.0,0.0,0.0,0.0,0,1,1,80,3,1,2,5,211,7,14,2,False,True,10681,4,10000,-0.0,-0.0,1300.0,-0.0,-0.0,0,-0.0,-0.0,2500.0,1200.0,-0.0,-0.0,1200.0,1300.0
175,26.0,0,0.0,2.4,0,0.0,0,0,0,0,1,23.4,0,0.0,2.16,0.0,0.0,0.0,0.0,0.0,0,2,1,80,3,1,2,5,212,7,14,2,False,True,10681,4,10000,-0.0,-0.0,1300.0,-0.0,-0.0,0,-0.0,-0.0,2500.0,1200.0,-0.0,-0.0,1200.0,1300.0
178,24.0,0,0.0,0.0,0,0.0,0,0,0,0,1,21.6,0,0.0,0.0,0.0,0.0,0.0,0.0,0.0,0,1,1,80,4,1,2,8,213,7,10,2,False,True,10681,4,10000,-0.0,-0.0,1200.0,-0.0,-0.0,0,-0.0,-0.0,1200.0,-0.0,-0.0,-0.0,-0.0,1200.0
179,24.0,0,0.0,0.0,0,0.0,0,0,0,0,1,21.6,0,0.0,0.0,0.0,0.0,0.0,0.0,0.0,0,2,1,80,4,1,2,8,214,7,10,2,False,True,10681,4,10000,-0.0,-0.0,1200.0,-0.0,-0.0,0,-0.0,-0.0,1200.0,-0.0,-0.0,-0.0,-0.0,1200.0
191,14.0,0,0.0,1.2,0,0.0,0,0,0,0,1,12.6,0,0.0,1.08,0.0,0.0,0.0,0.0,0.0,0,1,1,90,1,1,1,3,215,2,37,2,False,False,60433,5,10000,-0.0,-0.0,1166.66666667,-0.0,-0.0,1,-0.0,-0.0,1766.66666667,600.0,-0.0,-0.0,600.0,1166.66666667
192,14.0,0,0.0,1.2,0,0.0,0,0,0,0,1,12.6,0,0.0,1.08,0.0,0.0,0.0,0.0,0.0,0,2,1,90,1,1,1,3,216,2,37,2,False,False,60433,5,10000,-0.0,-0.0,1166.66666667,-0.0,-0.0,1,-0.0,-0.0,1766.66666667,600.0,-0.0,-0.0,600.0,1166.66666667
193,3.0,0,0.0,0.1,0,0.0,0,0,0,0,1,2.7,0,0.0,0.09,0.0,0.0,0.0,0.0,0.0,0,2,2,90,1,1,1,3,217,2,37,2,False,False,60433,5,10000,-0.0,-0.0,250.0,-0.0,-0.0,1,-0.0,-0.0,300.0,50.0,-0.0,-0.0,50.0,250.0
194,14.0,0,0.0,1.2,0,0.0,0,0,0,0,1,12.6,0,0.0,1.08,0.0,0.0,0.0,0.0,0.0,0,1,1,90,1,2,1,3,218,2,37,2,False,False,60433,5,10000,-0.0,-0.0,1166.66666667,-0.0,-0.0,1,-0.0,-0.0,1766.66666667,600.0,-0.0,-0.0,600.0,1166.66666667
195,3.0,0,0.0,0.1,0,0.0,0,0,0,0,1,2.7,0,0.0,0.09,0.0,0.0,0.0,0.0,0.0,0,1,2,90,1,2,1,4,219,2,37,2,False,False,60433,5,10000,-0.0,-0.0,250.0,-0.0,-0.0,1,-0.0,-0.0,300.0,50.0,-0.0,-0.0,50.0,250.0
196,14.0,0,0.0,1.2,0,0.0,0,0,0,0,1,12.6,0,0.0,1.08,0.0,0.0,0.0,0.0,0.0,0,2,1,90,1,2,1,3,220,2,37,2,False,False,60433,5,10000,-0.0,-0.0,1166.66666667,-0.0,-0.0,1,-0.0,-0.0,1766.66666667,600.0,-0.0,-0.0,600.0,1166.66666667
197,14.0,0,0.0,1.2,0,0.0,0,0,0,0,1,12.6,0,0.0,1.08,0.0,0.0,0.0,0.0,0.0,0,1,1,90,1,3,3,4,221,2,37,2,False,False,60433,5,10000,-0.0,-0.0,700.0,-0.0,-0.0,0,-0.0,-0.0,1300.0,600.0,-0.0,-0.0,600.0,700.0
198,3.0,0,0.0,0.1,0,0.0,0,0,0,0,1,2.7,0,0.0,0.09,0.0,0.0,0.0,0.0,0.0,0,1,2,90,1,3,3,4,222,2,37,2,False,False,60433,5,10000,-0.0,-0.0,150.0,-0.0,-0.0,0,-0.0,-0.0,200.0,50.0,-0.0,-0.0,50.0,150.0
199,14.0,0,0.0,1.2,0,0.0,0,0,0,0,1,12.6,0,0.0,1.08,0.0,0.0,0.0,0.0,0.0,0,2,1,90,1,3,3,3,223,2,37,2,False,False,60433,5,10000,-0.0,-0.0,700.0,-0.0,-0.0,0,-0.0,-0.0,1300.0,600.0,-0.0,-0.0,600.0,700.0
200,6.0,0,0.0,0.4,2,0.0,0,0,0,0,1,5.4,0,0.0,0.36,1.8,0.0,0.0,0.0,0.0,0,1,1,90,1,4,5,3,224,2,37,2,False,False,60433,5,10000,-0.0,-0.0,300.0,-0.0,-0.0,0,1000.0,-0.0,1500.0,1200.0,-0.0,-0.0,200.0,300.0
201,6.0,0,0.0,0.4,0,0.0,0,0,0,0,1,5.4,0,0.0,0.36,0.0,0.0,0.0,0.0,0.0,0,2,1,90,1,4,5,3,225,2,37,2,False,False,60433,5,10000,-0.0,-0.0,300.0,-0.0,-0.0,0,-0.0,-0.0,500.0,200.0,-0.0,-0.0,200.0,300.0
208,6.0,0,0.0,0.4,0,0.0,0,0,0,0,1,5.4,0,0.0,0.36,0.0,0.0,0.0,0.0,0.0,0,1,1,90,2,1,1,3,226,1,37,1,False,False,60433,5,10000,-0.0,-0.0,500.0,-0.0,-0.0,1,-0.0,-0.0,700.0,200.0,-0.0,-0.0,200.0,500.0
209,6.0,0,0.0,0.4,0,0.0,0,0,0,0,1,5.4,0,0.0,0.36,0.0,0.0,0.0,0.0,0.0,0,2,1,90,2,1,1,3,227,1,37,1,False,False,60433,5,10000,-0.0,-0.0,500.0,-0.0,-0.0,1,-0.0,-0.0,700.0,200.0,-0.0,-0.0,200.0,500.0
210,3.0,0,0.0,0.1,0,0.0,0,0,0,0,1,2.7,0,0.0,0.09,0.0,0.0,0.0,0.0,0.0,0,2,2,90,2,1,1,3,228,1,37,1,False,False,60433,5,10000,-0.0,-0.0,250.0,-0.0,-0.0,1,-0.0,-0.0,300.0,50.0,-0.0,-0.0,50.0,250.0
211,6.0,0,0.0,0.4,0,0.0,0,0,0,0,1,5.4,0,0.0,0.36,0.0,0.0,0.0,0.0,0.0,0,1,1,90,2,2,4,5,229,1,37,1,False,False,60433,5,10000,-0.0,-0.0,300.0,-0.0,-0.0,0,-0.0,-0.0,500.0,200.0,-0.0,-0.0,200.0,300.0
212,6.0,0,0.0,0.4,0,0.0,0,0,0,0,1,5.4,0,0.0,0.36,0.0,0.0,0.0,0.0,0.0,0,2,1,90,2,2,4,5,230,1,37,1,False,False,60433,5,10000,-0.0,-0.0,300.0,-0.0,-0.0,0,-0.0,-0.0,500.0,200.0,-0.0,-0.0,200.0,300.0
213,3.0,0,0.0,0.1,0,0.0,0,0,0,0,1,2.7,0,0.0,0.09,0.0,0.0,0.0,0.0,0.0,0,2,2,90,2,2,4,3,231,1,37,1,False,False,60433,5,10000,-0.0,-0.0,150.0,-0.0,-0.0,0,-0.0,-0.0,200.0,50.0,-0.0,-0.0,50.0,150.0
217,84.0,0,0.0,0.0,0,0.0,0,0,0,0,1,75.6,0,0.0,0.0,0.0,0.0,0.0,0.0,0.0,0,1,1,90,3,1,2,8,232,7,6,1,False,False,60433,5,10000,-0.0,-0.0,4200.0,-0.0,-0.0,0,-0.0,-0.0,4200.0,-0.0,-0.0,-0.0,-0.0,4200.0
218,84.0,0,0.0,0.0,0,0.0,0,0,0,0,1,75.6,0,0.0,0.0,0.0,0.0,0.0,0.0,0.0,0,2,1,90,3,1,2,8,233,7,6,1,False,False,60433,5,10000,-0.0,-0.0,4200.0,-0.0,-0.0,0,-0.0,-0.0,4200.0,-0.0,-0.0,-0.0,-0.0,4200.0
219,3.0,0,0.0,0.1,0,0.0,0,0,0,0,1,2.7,0,0.0,0.09,0.0,0.0,0.0,0.0,0.0,0,2,2,90,3,1,2,4,234,7,6,1,False,False,60433,5,10000,-0.0,-0.0,150.0,-0.0,-0.0,0,-0.0,-0.0,200.0,50.0,-0.0,-0.0,50.0,150.0
224,6.0,0,0.0,0.4,0,0.0,0,0,0,0,1,5.4,0,0.0,0.36,0.0,0.0,0.0,0.0,0.0,0,1,1,90,4,1,2,4,235,8,4,2,False,False,60433,5,10000,-0.0,-0.0,300.0,-0.0,-0.0,0,-0.0,-0.0,500.0,200.0,-0.0,-0.0,200.0,300.0
225,3.0,0,0.0,0.1,0,0.0,0,0,0,0,1,2.7,0,0.0,0.09,0.0,0.0,0.0,0.0,0.0,0,1,2,90,4,1,2,4,236,8,4,2,False,False,60433,5,10000,-0.0,-0.0,150.0,-0.0,-0.0,0,-0.0,-0.0,200.0,50.0,-0.0,-0.0,50.0,150.0
226,6.0,0,0.0,0.4,0,0.0,0,0,0,0,1,5.4,0,0.0,0.36,0.0,0.0,0.0,0.0,0.0,0,2,1,90,4,1,2,4,237,8,4,2,False,False,60433,5,10000,-0.0,-0.0,300.0,-0.0,-0.0,0,-0.0,-0.0,500.0,200.0,-0.0,-0.0,200.0,300.0
227,3.0,0,0.0,0.1,0,0.0,0,0,0,0,1,2.7,0,0.0,0.09,0.0,0.0,0.0,0.0,0.0,0,2,2,90,4,1,2,4,238,8,4,2,False,False,60433,5,10000,-0.0,-0.0,150.0,-0.0,-0.0,0,-0.0,-0.0,200.0,50.0,-0.0,-0.0,50.0,150.0
235,30.0,0,0.0,2.8,0,0.0,0,0,0,0,1,27.0,0,0.0,2.52,0.0,0.0,0.0,0.0,0.0,0,1,1,90,5,1,3,5,239,8,1,1,False,False,60433,5,10000,-0.0,-0.0,1500.0,-0.0,-0.0,0,-0.0,-0.0,2900.0,1400.0,-0.0,-0.0,1400.0,1500.0
236,3.0,0,0.0,0.1,0,0.0,0,0,0,0,1,2.7,0,0.0,0.09,0.0,0.0,0.0,0.0,0.0,0,1,2,90,5,1,3,5,240,8,1,1,False,False,60433,5,10000,-0.0,-0.0,150.0,-0.0,-0.0,0,-0.0,-0.0,200.0,50.0,-0.0,-0.0,50.0,150.0
237,30.0,0,0.0,2.8,0,0.0,0,0,0,0,1,27.0,0,0.0,2.52,0.0,0.0,0.0,0.0,0.0,0,2,1,90,5,1,3,5,241,8,1,1,False,False,60433,5,10000,-0.0,-0.0,1500.0,-0.0,-0.0,0,-0.0,-0.0,2900.0,1400.0,-0.0,-0.0,1400.0,1500.0
238,3.0,0,0.0,0.1,0,0.0,0,0,0,0,1,2.7,0,0.0,0.09,0.0,0.0,0.0,0.0,0.0,0,2,2,90,5,1,3,5,242,8,1,1,False,False,60433,5,10000,-0.0,-0.0,150.0,-0.0,-0.0,0,-0.0,-0.0,200.0,50.0,-0.0,-0.0,50.0,150.0
239,14.0,0,0.0,1.2,0,0.0,0,0,0,0,1,12.6,0,0.0,1.08,0.0,0.0,0.0,0.0,0.0,0,1,1,90,5,2,3,4,243,8,1,1,False,False,60433,5,10000,-0.0,-0.0,700.0,-0.0,-0.0,0,-0.0,-0.0,1300.0,600.0,-0.0,-0.0,600.0,700.0
240,0.0,0,0.0,0.0,0,0.0,0,0,0,10,1,0.0,0,0.0,0.0,0.0,0.0,0.0,0.0,0.0,9,1,2,90,5,2,3,1,244,8,1,1,False,False,60433,5,10000,750.0,-0.0,-0.0,-0.0,-0.0,0,-0.0,-0.0,750.0,-0.0,-0.0,-0.0,-0.0,750.0
241,14.0,0,0.0,1.2,0,0.0,0,0,0,0,1,12.6,0,0.0,1.08,0.0,0.0,0.0,0.0,0.0,0,2,1,90,5,2,3,5,245,8,1,1,False,False,60433,5,10000,-0.0,-0.0,700.0,-0.0,-0.0,0,-0.0,-0.0,1300.0,600.0,-0.0,-0.0,600.0,700.0
246,3.0,0,0.0,0.1,0,0.0,0,0,0,0,1,2.7,0,0.0,0.09,0.0,0.0,0.0,0.0,0.0,0,1,1,100,1,1,4,3,246,3,78,2,True,False,22069,1,10000,-0.0,-0.0,150.0,-0.0,-0.0,0,-0.0,-0.0,200.0,50.0,-0.0,-0.0,50.0,150.0
247,3.0,0,0.0,0.1,0,0.0,0,0,0,0,1,2.7,0,0.0,0.09,0.0,0.0,0.0,0.0,0.0,0,2,1,100,1,1,4,3,247,3,78,2,True,False,22069,1,10000,-0.0,-0.0,150.0,-0.0,-0.0,0,-0.0,-0.0,200.0,50.0,-0.0,-0.0,50.0,150.0
248,26.0,0,0.0,2.4,0,0.0,0,0,0,0,1,23.4,0,0.0,2.16,0.0,0.0,0.0,0.0,0.0,0,1,1,100,1,2,4,3,248,3,78,2,True,False,22069,1,10000,-0.0,-0.0,1300.0,-0.0,-0.0,0,-0.0,-0.0,2500.0,1200.0,-0.0,-0.0,1200.0,1300.0
249,26.0,0,0.0,2.4,0,0.0,0,0,0,0,1,23.4,0,0.0,2.16,0.0,0.0,0.0,0.0,0.0,0,2,1,100,1,2,4,3,249,3,78,2,True,False,22069,1,10000,-0.0,-0.0,1300.0,-0.0,-0.0,0,-0.0,-0.0,2500.0,1200.0,-0.0,-0.0,1200.0,1300.0
